Equipment_ID,Equipment1,Current_Location,Current_Lat,Current__long,Allocated,Allocated_Lat,Allocate_Long,ON_Number,Lifeboat_No,MMSI,Class,Launch_Method,Product_ID,Model_ID,On_Service
OB02016045,Rescue Water Craft Yamaha VX1100,Boldon Support Centre,54.953039,-1.461971, , , , ,RWC-088, ,RWC,Yamaha,Yamaha,VX1100,01/12/2014
OB02016054,Rescue Water Craft Yamaha VX1100,Boldon Support Centre,54.953039,-1.461971, , , , ,RWC-096, ,RWC,Yamaha,Yamaha,VX1100,01/12/2014
OB02016052,Rescue Water Craft Yamaha VX1100,Boldon Support Centre,54.953039,-1.461971, , , , ,RWC-094, ,RWC,Yamaha,Yamaha,VX1100,01/12/2014
OB02005926,A-Class IRB No Name,Boldon Support Centre,54.953039,-1.461971, , , , ,A-61, ,A-Class,Arancia New Zealand built,AranciaNZ,MK1Lifeguard,20/05/2009
OB02005927,A-Class IRB No Name,Boldon Support Centre,54.953039,-1.461971, , , , ,A-62, ,A-Class,Arancia New Zealand built,AranciaNZ,MK1Lifeguard,20/05/2009
OB02006056,A-Class IRB No Name,Boldon Support Centre,54.953039,-1.461971, , , , ,A-71, ,A-Class,Arancia New Zealand built,AranciaNZ,MK1Lifeguard,01/01/2009
OB02003190,A-Class IRB No Name,Bridgend Support Centre,51.500605,-3.544181, , , , ,A-24, ,A-Class,Arancia New Zealand built,AranciaNZ,MK1Lifeguard,01/05/2002
OB02003632,A-Class IRB No Name,Bude Support Centre,50.820874,-4.531008, , , , ,A-34, ,A-Class,Arancia New Zealand built,AranciaNZ,MK1Lifeguard,01/05/2005
OB02003633,A-Class IRB No Name,Bude Support Centre,50.820874,-4.531008, , , , ,A-35, ,A-Class,Arancia New Zealand built,AranciaNZ,MK1Lifeguard,01/05/2005
OB02006596,Rescue Water Craft Yamaha VX700,Bude Support Centre,50.820874,-4.531008, , , , ,RWC-062, ,RWC,Yamaha,Yamaha,VX700,01/03/2010
OB02008865,Rescue Water Craft Yamaha VX700,Bude Support Centre,50.820874,-4.531008, , , , ,RWC-076, ,RWC,Yamaha,Yamaha,VX700,01/04/2010
OB02004862,A-Class IRB Liverpool Tall Ships 2008,Catfield Support Centre,52.742765,1.536355, , , , ,A-47, ,A-Class,Arancia New Zealand built,AranciaNZ,MK1Lifeguard,07/05/2008
OB02004863,A-Class IRB Margaret and Bruce,Catfield Support Centre,52.742765,1.536355, , , , ,A-48, ,A-Class,Arancia New Zealand built,AranciaNZ,MK1Lifeguard,11/02/2008
OB02014060,Rescue Water Craft Yamaha VX700,Chichester Support Centre,50.82121,-0.796867, , , , ,RWC-082, ,RWC,Yamaha,Yamaha,VX700,01/12/2013
OB02005972,Rescue Water Craft Yamaha VX700 Andrew Paddick,Dawlish Support Centre,50.597119,-3.459267, , , , ,RWC-037, ,RWC,Yamaha,Yamaha,VX700, 
OB02005973,Rescue Water Craft Yamaha VX700,Dawlish Support Centre,50.597119,-3.459267, , , , ,RWC-038, ,RWC,Yamaha,Yamaha,VX700, 
OB02005971,Rescue Water Craft Yamaha VX700,Dawlish Support Centre,50.597119,-3.459267, , , , ,RWC-036, ,RWC,Yamaha,Yamaha,VX700,01/04/2009
OB02005928,A-Class IRB No Name,Formby Support Centre,53.55519,-3.041651, , , , ,A-63, ,A-Class,Arancia New Zealand built,AranciaNZ,MK1Lifeguard,10/05/2013
OB02006055,A-Class IRB No Name,Formby Support Centre,53.55519,-3.041651, , , , ,A-70, ,A-Class,Arancia United Kingdom built,AranciaUK,MK2Lifeguard,01/08/2009
OB02006057,A-Class IRB No Name,Haverfordwest Support Centre,51.828345,-4.959074, , , , ,A-72, ,A-Class,Arancia New Zealand built,AranciaNZ,MK1Lifeguard,01/01/2009
OB02005016,A-Class IRB No Name,Haverfordwest Support Centre,51.828345,-4.959074, , , , ,A-49, ,A-Class,Arancia New Zealand built,AranciaNZ,MK1Lifeguard,24/04/2008
OB02005017,A-Class IRB No Name,Haverfordwest Support Centre,51.828345,-4.959074, , , , ,A-50, ,A-Class,Arancia New Zealand built,AranciaNZ,MK1Lifeguard,24/04/2008
OB02004918,A-Class IRB Amy,Hayle Support Centre,50.178696,-5.406723, , , , ,A-44, ,A-Class,Arancia New Zealand built,AranciaNZ,MK1Lifeguard,24/04/2008
OB02004861,A-Class IRB Joyce,Hayle Support Centre,50.178696,-5.406723, , , , ,A-46, ,A-Class,Arancia New Zealand built,AranciaNZ,MK1Lifeguard,24/04/2008
OB02012345,A-Class IRB No Name,Hayle Support Centre,50.178696,-5.406723, , , , ,A-80, ,A-Class,Arancia New Zealand built,AranciaNZ,MK1Lifeguard,01/03/2015
OB02016046,Rescue Water Craft Yamaha VX1100,Hayle Support Centre,50.178696,-5.406723, , , , ,RWC-089, ,RWC,Yamaha,Yamaha,VX1100,14/01/2015
OB02016048,Rescue Water Craft Yamaha VX1100,Hayle Support Centre,50.178696,-5.406723, , , , ,RWC-090, ,RWC,Yamaha,Yamaha,VX1100,14/01/2015
OB02018029,Rescue Water Craft Yamaha VX1100,Hayle Support Centre,50.178696,-5.406723, , , , ,RWC-112, ,RWC,Yamaha,Yamaha,VX1100,10/03/2016
OB02018030,Rescue Water Craft Yamaha VX1100,Hayle Support Centre,50.178696,-5.406723, , , , ,RWC-113, ,RWC,Yamaha,Yamaha,VX1100,10/03/2016
OB02016053,Rescue Water Craft Yamaha VX1100,Hayle Support Centre,50.178696,-5.406723, , , , ,RWC-095, ,RWC,Yamaha,Yamaha,VX1100,14/01/2015
OB02014055,Rescue Water Craft Yamaha VX1100,Jersey Support Centre (St Peters Hallmark House),49.206005,-2.195827, , , , ,RWC-077, ,RWC,Yamaha,Yamaha,VX1100,01/12/2013
OB02014058,Rescue Water Craft Yamaha VX1100,Jersey Support Centre (St Peters Hallmark House),49.206005,-2.195827, , , , ,RWC-080, ,RWC,Yamaha,Yamaha,VX1100,01/12/2013
OB02014063,Rescue Water Craft Yamaha VX1100,Jersey Support Centre (St Peters Hallmark House),49.206005,-2.195827, , , , ,RWC-085, ,RWC,Yamaha,Yamaha,VX1100,01/12/2013
OB02007639,A-Class IRB No Name,Jersey Support Centre (St Peters Hallmark House),49.206005,-2.195827, , , , ,A-75, ,A-Class,Arancia New Zealand built,AranciaNZ,MK1Lifeguard,01/04/2011
OB02004097,A-Class IRB Margaret Edith,Mullacott Support Centre,51.178681,-4.125121, , , , ,A-41, ,A-Class,Arancia New Zealand built,AranciaNZ,MK1Lifeguard,16/05/2006
OB02005106,A-Class IRB No Name,Mullacott Support Centre,51.178681,-4.125121, , , , ,A-57, ,A-Class,Arancia New Zealand built,AranciaNZ,MK1Lifeguard,01/05/2010
OB02005929,A-Class IRB No Name,Mullacott Support Centre,51.178681,-4.125121, , , , ,A-64, ,A-Class,Arancia New Zealand built,AranciaNZ,MK1Lifeguard,01/06/2010
OB02004919,Rescue Water Craft Yamaha VX700,Mullacott Support Centre,51.178681,-4.125121, , , , ,RWC-023, ,RWC,Yamaha,Yamaha,VX700,29/02/2008
OB02007193,Rescue Water Craft Yamaha VX700,Mullacott Support Centre,51.178681,-4.125121, , , , ,RWC-072, ,RWC,Yamaha,Yamaha,VX700,01/03/2012
OB02005976,Rescue Water Craft Yamaha VX700,Mullacott Support Centre,51.178681,-4.125121, , , , ,RWC-048, ,RWC,Yamaha,Yamaha,VX700,01/03/2012
OB02006593,Rescue Water Craft Yamaha VX700,Perranporth Support Centre,50.342906,-5.147104, , , , ,RWC-059, ,RWC,Yamaha,Yamaha,VX700,01/03/2010
OB02006594,Rescue Water Craft Yamaha VX700,Perranporth Support Centre,50.342906,-5.147104, , , , ,RWC-060, ,RWC,Yamaha,Yamaha,VX700,01/03/2010
OB02005930,A-Class IRB No Name,Perranporth Support Centre,50.342906,-5.147104, , , , ,A-65, ,A-Class,Arancia New Zealand built,AranciaNZ,MK1Lifeguard,01/02/2009
OB02005105,A-Class IRB No Name,Perranporth Support Centre,50.342906,-5.147104, , , , ,A-56, ,A-Class,Arancia New Zealand built,AranciaNZ,MK1Lifeguard,21/05/2009
OB02003187,A-Class IRB No Name,Perranporth Support Centre,50.342906,-5.147104, , , , ,A-21, ,A-Class,Arancia New Zealand built,AranciaNZ,MK1Lifeguard,01/05/2002
OB02012346,A-Class IRB No Name,Perranporth Support Centre,50.342906,-5.147104, , , , ,A-81, ,A-Class,Arancia New Zealand built,AranciaNZ,MK1Lifeguard,01/04/2016
OB02012347,A-Class IRB No Name,Perranporth Support Centre,50.342906,-5.147104, , , , ,A-82, ,A-Class,Arancia New Zealand built,AranciaNZ,MK1Lifeguard,01/04/2016
OB02004096,A-Class IRB Renee and Stuart Blackburn,Perranporth Support Centre,50.342906,-5.147104, , , , ,A-40, ,A-Class,Arancia New Zealand built,AranciaNZ,MK1Lifeguard,16/05/2006
OB02004860,A-Class IRB Smithy,Perranporth Support Centre,50.342906,-5.147104, , , , ,A-45, ,A-Class,Arancia New Zealand built,AranciaNZ,MK1Lifeguard,24/04/2008
OB02003188,A-Class IRB No Name,Poole Support Centre,50.733573,-1.988938, , , , ,A-22, ,A-Class,Arancia New Zealand built,AranciaNZ,MK1Lifeguard,01/05/2002
OB02003183,A-Class IRB No Name,Poole Support Centre,50.733573,-1.988938, , , , ,A-16, ,A-Class,Arancia New Zealand built,AranciaNZ,MK1Lifeguard,01/05/2002
OB02003185,A-Class IRB No Name,Poole Support Centre,50.733573,-1.988938, , , , ,A-19, ,A-Class,Arancia New Zealand built,AranciaNZ,MK1Lifeguard,01/05/2002
OB02003631,A-Class IRB No Name,Poole Support Centre,50.733573,-1.988938, , , , ,A-36, ,A-Class,Arancia New Zealand built,AranciaNZ,MK1Lifeguard,20/04/2005
OB02003195,A-Class IRB No Name,Poole Support Centre,50.733573,-1.988938, , , , ,A-28, ,A-Class,Arancia New Zealand built,AranciaNZ,MK1Lifeguard,04/02/2003
OB02003184,A-Class BB No Name,Poole Support Centre,50.733573,-1.988938, , , , ,A-18, ,A-Class,Arancia New Zealand built,AranciaNZ,MK1BB,01/05/2002
OB02003196,A-Class BB No Name,Poole Support Centre,50.733573,-1.988938, , , , ,A-29, ,A-Class,Arancia New Zealand built,AranciaNZ,MK1BB,04/02/2003
OB02007192,Rescue Water Craft Yamaha VX700,Poole Support Centre,50.733573,-1.988938, , , , ,RWC-071, ,RWC,Yamaha,Yamaha,VX700,01/03/2011
OB02018031,Rescue Water Craft Yamaha VX1100,Poole Support Centre,50.733573,-1.988938, , , , ,RWC-114, ,RWC,Yamaha,Yamaha,VX1100,14/03/2016
OB02018032,Rescue Water Craft Yamaha VX1100,Poole Support Centre,50.733573,-1.988938, , , , ,RWC-115, ,RWC,Yamaha,Yamaha,VX1100,14/03/2016
OB02018027,Rescue Water Craft Yamaha VX1100,Poole Support Centre,50.733573,-1.988938, , , , ,RWC-110, ,RWC,Yamaha,Yamaha,VX1100,01/07/2016
OB02018028,Rescue Water Craft Yamaha VX1100,Poole Support Centre,50.733573,-1.988938, , , , ,RWC-111, ,RWC,Yamaha,Yamaha,VX1100,10/03/2016
OB02006595,Rescue Water Craft Yamaha Super Gee,Poole Support Centre,50.733573,-1.988938, , , , ,RWC-061, ,RWC,Yamaha,Yamaha,VX700,01/03/2010
OB02008862,Rescue Water Craft Yamaha VX1100,Ramsgate Support Centre,51.341302,1.391122, , , , ,RWC-073, ,RWC,Yamaha,Yamaha,VX1100,01/08/2012
OB02008863,Rescue Water Craft Yamaha VX1100,Ramsgate Support Centre,51.341302,1.391122, , , , ,RWC-074, ,RWC,Yamaha,Yamaha,VX1100,01/08/2012
OB02008864,Rescue Water Craft Yamaha VX1100,Ramsgate Support Centre,51.341302,1.391122, , , , ,RWC-075, ,RWC,Yamaha,Yamaha,VX1100,01/08/2012
OB02014064,Rescue Water Craft Yamaha VX700,Ramsgate Support Centre,51.341302,1.391122, , , , ,RWC-086, ,RWC,Yamaha,Yamaha,VX700,01/12/2013
OB02005107,A-Class IRB No Name,Ramsgate Support Centre,51.341302,1.391122, , , , ,A-58, ,A-Class,Arancia New Zealand built,AranciaNZ,MK1Lifeguard,28/05/2012
OB02005925,A-Class IRB No Name,Ramsgate Support Centre,51.341302,1.391122, , , , ,A-60, ,A-Class,Arancia New Zealand built,AranciaNZ,MK1Lifeguard,20/05/2009
OB02003436,D-Class CT The Young Watsons,Swansea Support Centre,51.64393,-3.993572,The RNLI College,50.717231,-1.989152, ,D-611, ,D-Class,IB1 variant,IB1,MK2CTIB1,01/09/2003
OB02006590,Rescue Water Craft Yamaha VX700,Swansea Support Centre,51.64393,-3.993572, , , , ,RWC-055, ,RWC,Yamaha,Yamaha,VX700,01/02/2010
OB02006591,Rescue Water Craft Yamaha VX700,Swansea Support Centre,51.64393,-3.993572, , , , ,RWC-056, ,RWC,Yamaha,Yamaha,VX700,01/02/2010
OB02004400,Rescue Water Craft Yamaha VX700,Swansea Support Centre,51.64393,-3.993572, , , , ,RWC-000, ,RWC,Yamaha,Yamaha,VX700,08/08/2006
OB02004095,A-Class IRB Gary Manwaring,Wadebridge Support Centre,50.521361,-4.838817, , , , ,A-39, ,A-Class,Arancia New Zealand built,AranciaNZ,MK1Lifeguard,16/05/2006
OB02003199,A-Class IRB No Name,Wadebridge Support Centre,50.521361,-4.838817, , , , ,A-32, ,A-Class,Arancia New Zealand built,AranciaNZ,MK1Lifeguard,04/02/2003
OB02012348,A-Class IRB No Name,Wadebridge Support Centre,50.521361,-4.838817, , , , ,A-83, ,A-Class,Arancia New Zealand built,AranciaNZ,MK1Lifeguard, 
OB02003191,A-Class IRB Cmdr John Townrow Rnvr,Weymouth Support Centre,50.614981,-2.489611, , , , ,A-25, ,A-Class,Arancia New Zealand built,AranciaNZ,MK1Lifeguard,01/05/2002
OB02012344,A-Class IRB Morris and Joyce Gibb,Weymouth Support Centre,50.614981,-2.489611, , , , ,A-79, ,A-Class,Arancia New Zealand built,AranciaNZ,MK1Lifeguard,01/04/2013
OB02003701,D-Class CT Mabel Davis,Weymouth Support Centre,50.614981,-2.489611, , , , ,D-640, ,D-Class,IB1 variant,IB1,MK2CTIB1,15/07/2005
OB02004933,Rescue Water Craft Yamaha VX700,Wirral Support Centre,53.364711,-3.065872, , , , ,RWC-031, ,RWC,Yamaha,Yamaha,VX700,05/03/2008
OB02016059,Rescue Water Craft Yamaha VX1100,Wirral Support Centre,53.364711,-3.065872, , , , ,RWC-101, ,RWC,Yamaha,Yamaha,VX1100,01/12/2014
OB02016060,Rescue Water Craft Yamaha VX1100,Wirral Support Centre,53.364711,-3.065872, , , , ,RWC-102, ,RWC,Yamaha,Yamaha,VX1100,01/12/2014
OB02016061,Rescue Water Craft Yamaha VX1100,Wirral Support Centre,53.364711,-3.065872, , , , ,RWC-103, ,RWC,Yamaha,Yamaha,VX1100,01/12/2014
OB02017033,Rescue Water Craft Yamaha VX700,Wirral Support Centre,53.364711,-3.065872, , , , ,RWC-104, ,RWC,Yamaha,Yamaha,VX700, 
OB02003152,B-Class A75 Joseph and Mary Hiley,Enniskillen ILB B1 (Lower/Killadeas),54.4228,-7.68,Enniskillen ILB B1 (Lower/Killadeas),54.4228,-7.68, ,B-792, ,B-Class,Atlantic 75,Atlantic75,MK1Atlantic75,15/01/2003
OB02006044,Rescue Water Craft Seadoo GTX4,Enniskillen ILB R1 (Lower/Killadas),54.4228,-7.68,Enniskillen Lifeboat Station,54.4228,-7.68, ,RWC-052, ,RWC,Seadoo,Seadoo,GTX4, 
OB02002792,B-Class A75 Duckhams 2001,Enniskillen ILB B2 (Upper/Carrybridge),54.287517,-7.548423, , , , ,B-773, ,B-Class,Atlantic 75,Atlantic75,MK1Atlantic75,15/05/2001
OB02006045,Rescue Water Craft Seadoo GTX4,Enniskillen ILB R2 (Upper/Carrybridge),54.287517,-7.548423,Enniskillen Lifeboat Station,54.4228,-7.68, ,RWC-053, ,RWC,Seadoo,Seadoo,GTX4, 
OB02006046,Rescue Water Craft Seadoo GTX4,Enniskillen ILB R2 (Upper/Carrybridge),54.287517,-7.548423,Enniskillen Lifeboat Station,54.4228,-7.68, ,RWC-054, ,RWC,Seadoo,Seadoo,GTX4, 
OB02002757,ON1257 Severn ALB William Gordon Burr,Portrush ALB,55.206819,-6.656611,Portrush ALB,55.20681889,-6.656611189,ON1257,17-30,232004409,Severn,Afloat Boat,AfloatBoat,MK2MTUSevern,01/06/2002
OB02006702,D-Class ILB David Roulston (Civil Service 52),Portrush ILB,55.206819,-6.656611,Portrush ILB,55.20681889,-6.656611189, ,D-738,235108867,D-Class,IB1 variant,IB1,MK2IB1,01/08/2010
OB02002083,D-Class PUB No Name,Red Bay ALB,55.074971,-6.053482, , , , ,D-500P, ,D-Class,EA16 variant,EA16,MK1PublicityEA16,15/03/1996
OB02002106,ON1213 Trent ALB Henry Heys Duckworth,Red Bay ALB,55.074971,-6.053482, , , ,ON1213,14-15,232002380,Trent,Afloat Boat,AfloatBoat,MK1Trent,01/06/1996
OB02006408,B-Class A85 Geoffrey Charles,Red Bay ILB,55.074971,-6.053482,Red Bay ILB,55.07497117,-6.053481846, ,B-843,235105952,B-Class,Atlantic 85,Atlantic85,MK2SIMSAtlantic85,01/07/2010
OB02002739,ON1246 Trent ALB Dr John McSparran,Larne ALB,54.8467,-5.8001,Larne ALB,54.8467,-5.8001,ON1246,14-30,232004397,Trent,Afloat Boat,AfloatBoat,MK1Trent,30/06/2000
OB02016855,D-Class ILB Terry,Larne ILB,54.8467,-5.8001,Larne ILB,54.8467,-5.8001, ,D-783,235108829,D-Class,IB1 variant,IB1,MK2IB1,23/07/2015
OB02004190,B-Class A85 Jessie Hillyard,Bangor (Co Down) ILB B,54.665721,-5.667155,Bangor (Co Down) ILB B,54.66572101,-5.667155452, ,B-805,235089702,B-Class,Atlantic 85,Atlantic85,MK2SIMSAtlantic85,04/10/2006
OB02002969,ON1267 Trent ALB Saxon,Donaghadee ALB,54.643426,-5.532,Donaghadee ALB,54.64342581,-5.532000174,ON1267,14-36,235007808,Trent,Afloat Boat,AfloatBoat,MK1Trent,30/04/2003
OB02006048,B-Class A85 Blue Peter V,Portaferry ILB B,54.38103,-5.549382,Portaferry ILB B,54.38102957,-5.54938246, ,B-833,235095912,B-Class,Atlantic 85,Atlantic85,MK1Atlantic85,07/07/2009
OB02002213,ON1188 Mersey ALB Eleanor and Bryant Girling,Newcastle (Co Down) ALB,54.198053,-5.887134,Newcastle (Co Down) ALB,54.19805331,-5.887133681,ON1188,Dec-29,232003206,Mersey,Slipway Boat,SlipwayBoat,MK1FRCMersey,30/06/1992
OB02004937,D-Class ILB The Pat,Newcastle (Co Down) ILB D,54.198053,-5.887134, , , , ,D-695, ,D-Class,IB1 variant,IB1,MK2IB1,01/02/2008
OB02004233,B-Class A85 Frank William Walton,Kilkeel ILB B,54.058654,-5.989645,Kilkeel ILB B,54.05865444,-5.989645096, ,B-812,235090694,B-Class,Atlantic 85,Atlantic85,MK1Atlantic85,28/11/2006
OB02004234,B-Class A85 Muriel and Leslie,Port Erin ILB B,54.085136,-4.767972,Port Erin ILB B,54.08513571,-4.767972182, ,B-813,235092931,B-Class,Atlantic 85,Atlantic85,MK2SIMSAtlantic85,31/10/2006
OB02002174,ON1181 Mersey ALB Ruby Clery,Peel ALB,54.227064,-4.698014,Peel ALB,54.22706353,-4.698014073,ON1181,Dec-22,232002727,Mersey,Carriage Boat,CarriageBoat,MK1FRCMersey,01/01/1992
OB02002131,ON1171 Mersey ALB Ann and James Ritchie,Ramsey ALB,54.322626,-4.378388,Ramsey ALB,54.32262579,-4.378388171,ON1171,Dec-14,232002210,Mersey,Carriage Boat,CarriageBoat,MK1FRCMersey,01/01/1991
OB02002057,ON1147 Tyne ALB Sir William Hillary,Douglas ALB,54.144953,-4.469598,Douglas ALB,54.1449526,-4.469598178,ON1147,47-032,232003310,Tyne,Slipway Boat,SlipwayBoat,MK1Tyne,01/01/1988
OB02002192,ON1234 Trent ALB Gough Ritchie II,Port St Mary ALB,54.070466,-4.734509,Port St Mary ALB,54.07046582,-4.73450905,ON1234,14-26,232003132,Trent,Afloat Boat,AfloatBoat,MK1Trent,30/06/1998
OB02006705,D-Class ILB Spirit of Leicester,Port St Mary ILB D,54.070466,-4.734509,Port St Mary ILB D,54.07046582,-4.73450905, ,D-742,235108838,D-Class,IB1 variant,IB1,MK2IB1,01/10/2010
OB02010341,D-Class ILB Seahorse,West Kirby ILB D,53.3659,-3.1827,West Kirby ILB D,53.3659,-3.1827, ,D-751,235096971,D-Class,IB1 variant,IB1,MK2IB1,11/06/2012
OB02026449,ON1313 Shannon ALB Edmund Hawthorn Micklewood,Hoylake ALB,53.399302,-3.177598,Hoylake ALB,53.39930206,-3.17759847,ON1313,13-Jun,235106573,Shannon,Carriage Boat,CarriageBoat,MK1Shannon,01/01/2016
OB02006221,B-Class A85 Charles Dibdin (Civil Service 51),New Brighton ILB B,53.439459,-3.047264,New Brighton ILB B,53.439459,-3.047264, ,B-837,235108089,B-Class,Atlantic 85,Atlantic85,MK2SIMSAtlantic85,10/11/2009
OB02002173,ON1189 Mersey ALB Her Majesty The Queen,Lytham St Annes ALB,53.746724,-3.032689,Lytham St Annes ALB,53.74672407,-3.032688716,ON1189,Dec-30,232002574,Mersey,Carriage Boat,CarriageBoat,MK1FRCMersey,30/06/1992
OB02023344,D-Class ILB Moam,Lytham St Annes ILB D,53.746724,-3.032689,Lytham St Annes ILB D,53.74672407,-3.032688716, ,D-800, ,D-Class,IB1 variant,IB1,MK2IB1,12/09/2016
OB02012488,B-Class A85 William and Eleanor,Blackpool ILB B,53.8133,-3.0561,Blackpool ILB B,53.8133,-3.0561, ,B-867,235097644,B-Class,Atlantic 85,Atlantic85,MK1Atlantic85,22/04/2013
OB02006569,D-Class ILB Basil Eric Brooks,Blackpool ILB D,53.8133,-3.0561,Blackpool ILB D,53.8133,-3.0561, ,D-732,235102869,D-Class,IB1 variant,IB1,MK2IB1,24/02/2010
OB02006405,D-Class ILB Eileen Mary George,Blackpool ILB D,53.8133,-3.0561,Blackpool ILB D,53.8133,-3.0561, ,D-729,235102861,D-Class,IB1 variant,IB1,MK2IB1,12/12/2009
OB02002169,ON1186 Mersey ALB Pride and Spirit,Fleetwood Lifeboat Station,53.927751,-3.006442, , , ,ON1186,Dec-27,232002729,Mersey,Carriage Boat,CarriageBoat,MK1FRCMersey,30/06/1992
OB02000833,ON1321 Shannon ALB Kenneth James Pierpoint,Fleetwood ALB,53.927751,-3.006442,Fleetwood ALB,53.92775056,-3.006441749,ON1321,13-14,235109051,Shannon,Afloat Boat,AfloatBoat,MK1Shannon,01/01/2016
OB02006280,D-Class ILB Mary Elizabeth Barnes,Fleetwood ILB D,53.927751,-3.006442,Fleetwood ILB D,53.92775056,-3.006441749, ,D-719,235096959,D-Class,IB1 variant,IB1,MK2IB1,14/10/2009
OB02006316,D-Class ILB Margaret Mary Timpany,Morecambe ILB D,54.0751,-2.8636,Morecambe ILB D,54.0751,-2.8636, ,D-722,235096963,D-Class,IB1 variant,IB1,MK2IB1,01/10/2009
OB02003453,Hovercraft IRH The Hurley Flyer,Morecambe ILB H,54.0751,-2.8636,Morecambe ILB H,54.0751,-2.8636, ,H-002, ,Hovercraft,Griffon,Griffon,MK1470SAR,01/10/2002
OB02004338,ON1288 Tamar ALB Grace Dixon,Barrow ALB,54.072406,-3.173292,Barrow ALB,54.07240589,-3.173292052,ON1288,16-Aug,235050564,Tamar,Slipway Boat,SlipwayBoat,MK1Tamar,20/08/2007
OB02006697,D-Class ILB Vision of Tamworth,Barrow ILB D,54.072406,-3.173292,Barrow ILB D,54.07240589,-3.173292052, ,D-733,235108869,D-Class,IB1 variant,IB1,MK2IB1,01/09/2010
OB02005005,B-Class A85 Joy Morris MBE,St Bees ILB B,54.491,-3.6065,St Bees ILB B,54.491,-3.6065, ,B-831,235091469,B-Class,Atlantic 85,Atlantic85,MK1Atlantic85,01/03/2009
OB02001083,ON1326 Shannon ALB Dorothy May White,Workington ALB,54.650894,-3.56766, , , ,ON1326,13-19,235109062,Shannon,Afloat Boat,AfloatBoat,MK1Shannon,01/01/2016
OB02014020,D-Class ILB John F Mortimer,Workington ILB D,54.650894,-3.56766,Workington ILB D,54.65089436,-3.567659983, ,D-767,235102822,D-Class,IB1 variant,IB1,MK2IB1,17/04/2014
OB02005002,B-Class A85 Elaine and Don Wilkinson,Silloth ILB B,54.870051,-3.393223,Silloth ILB B,54.87005074,-3.393223477, ,B-828,235098755,B-Class,Atlantic 85,Atlantic85,MK1Atlantic85,01/10/2008
OB02006315,D-Class ILB Catherine,Kippford ILB D,54.8765,-3.8135,Kippford ILB D,54.8765,-3.8135, ,D-718,235096957,D-Class,IB1 variant,IB1,MK2IB1,01/10/2009
OB02004324,B-Class A85 Sheila Stenhouse,Kirkcudbright ILB B,54.839626,-4.047507,Kirkcudbright ILB B,54.83962631,-4.047506809, ,B-814,235092932,B-Class,Atlantic 85,Atlantic85,MK1Atlantic85,12/12/2006
OB02003695,ON1280 Tamar ALB Peter and Lesley-Jane Nicholson,Portpatrick ALB,54.841949,-5.119849, , , ,ON1280,16-Jan,235014281,Tamar,Afloat Boat,AfloatBoat,MK1Tamar,14/03/2005
OB02004939,D-Class ILB Stranraer Saviour Civil Service 49,Stranraer ILB D,54.908139,-5.035224,Stranraer ILB D,54.90813858,-5.035224307, ,D-697,235096945,D-Class,IB1 variant,IB1,MK2IB1,05/06/2008
OB02002139,ON1196 Mersey ALB Silvia Burrell,Girvan ALB,55.243382,-4.857623,Girvan ALB,55.24338158,-4.857623254,ON1196,Dec-37,232002310,Mersey,Afloat Boat,AfloatBoat,MK1FRCMersey,30/06/1993
OB02002115,ON1241 Severn ALB Ernest and Mary Shaw,Campbeltown ALB,55.425199,-5.601868,Campbeltown ALB,55.42519887,-5.60186773,ON1241,17-19,232003139,Severn,Afloat Boat,AfloatBoat,MK1CATSevern,30/06/1998
OB02006701,D-Class ILB Alastair Greenlees,Campbeltown ILB D,55.425199,-5.601868,Campbeltown ILB D,55.42519887,-5.60186773, ,D-737,235108852,D-Class,IB1 variant,IB1,MK2IB1,01/07/2010
OB02012711,B-Class A85 Rachel Hedderwick,Arran (Lamlash) ILB B,55.535229,-5.124793,Arran (Lamlash) ILB B,55.53522938,-5.124792802, ,B-876,235105712,B-Class,Atlantic 85,Atlantic85,MK2SIMSAtlantic85,01/07/2014
OB02003224,ON1275 Trent ALB Jim Moffat,Troon ALB,55.5481,-4.6814,Troon ALB,55.5481,-4.6814,ON1275,14-38, ,Trent,Afloat Boat,AfloatBoat,MK1Trent,25/02/2004
OB02004805,D-Class ILB Telford Shopping Centre,Troon ILB D,55.5481,-4.6814,Troon ILB D,55.5481,-4.6814, ,D-684,235101091,D-Class,IB1 variant,IB1,MK2IB1,19/12/2007
OB02002111,ON1219 Severn ALB Helmut Schroder of Dunlossit II,Islay ALB,55.847496,-6.1048,Islay ALB,55.847496,-6.104799576,ON1219,17-Aug,232002470,Severn,Afloat Boat,AfloatBoat,MK2MTUSevern,30/06/1997
OB02007403,B-Class A85 R A Wilson,Largs ILB B,55.80001,-4.870526,Largs ILB B,55.80001022,-4.870526084, ,B-854,235089704,B-Class,Atlantic 85,Atlantic85,MK2SIMSAtlantic85,04/11/2011
OB02003151,B-Class A75 Gladys Winifred Tiffney,Helensburgh ILB B,56.013129,-4.7734,Helensburgh ILB B,56.01312853,-4.773400386, ,B-791,235102682,B-Class,Atlantic 75,Atlantic75,MK1Atlantic75,12/02/2002
OB02010338,B-Class A85 James and Helen Mason,Tighnabruaich ILB B,55.906743,-5.232637,Tighnabruaich ILB B,55.90674343,-5.232636794, ,B-862,235092938,B-Class,Atlantic 85,Atlantic85,MK1Atlantic85,04/07/2012
OB02002149,ON1227 Trent ALB Mora Edith Macdonald,Oban ALB,56.411072,-5.479592,Oban ALB,56.41107188,-5.479591704,ON1227,14-23,232002584,Trent,Afloat Boat,AfloatBoat,MK1Trent,30/06/1997
OB02002972,ON1270 Severn ALB Elizabeth Fairlie Ramsay,Tobermory ALB,56.623206,-6.064304,Tobermory ALB,56.62320604,-6.064304463,ON1270,17-39,235007798,Severn,Afloat Boat,AfloatBoat,MK2MTUSevern,28/07/2003
OB02002753,ON1250 Severn ALB Henry Alston Hewat,Mallaig ALB,57.006,-5.8287,Mallaig ALB,57.006,-5.8287,ON1250,17-26,232004402,Severn,Afloat Boat,AfloatBoat,MK2MTUSevern,30/01/2001
OB02002189,ON1230 Severn ALB Edna Windsor,Barra Island ALB,56.95411,-7.487129,Barra Island ALB,56.95410989,-7.487128664,ON1230,17-Dec,232003050,Severn,Afloat Boat,AfloatBoat,MK1CATSevern,30/06/1998
OB02007405,B-Class A85 Spirit of Fred Olsen,Kyle of Lochalsh ILB B,57.280224,-5.714595,Kyle of Lochalsh ILB B,57.28022399,-5.714594911, ,B-856,235089706,B-Class,Atlantic 85,Atlantic85,MK1Atlantic85,15/12/2011
OB02002117,ON1214 Trent ALB Stanley Watson Barker,Portree ALB,57.410714,-6.189909,Portree ALB,57.41071437,-6.189909151,ON1214,14-16,232002390,Trent,Afloat Boat,AfloatBoat,MK1Trent,30/06/1996
OB02002230,ON1195 Mersey ALB The Royal Thames,Leverburgh ALB,57.767644,-7.024841,Leverburgh ALB,57.76764353,-7.024840663,ON1195,Dec-36,232002190,Mersey,Afloat Boat,AfloatBoat,MK1FRCMersey,30/06/1993
OB02002172,ON1238 Severn ALB Tom Sanderson,Stornoway ALB,58.210039,-6.389171,Stornoway ALB,58.21003888,-6.38917135,ON1238,17-18,232003136,Severn,Afloat Boat,AfloatBoat,MK2MTUSevern,30/06/1998
OB02002973,ON1271 Severn ALB Julian and Margaret Leonard,Lochinver ALB,58.146891,-5.247701,Lochinver ALB,58.14689135,-5.247701367,ON1271,17-40,235007797,Severn,Afloat Boat,AfloatBoat,MK2MTUSevern,05/10/2003
OB02002975,ON1273 Severn ALB The Taylors,Thurso ALB,58.612121,-3.54698,Thurso ALB,58.61212067,-3.546979763,ON1273,17-42,235007795,Severn,Afloat Boat,AfloatBoat,MK1CATSevern,07/04/2004
OB02003817,ON1284 Tamar ALB Helen Comrie,Longhope ALB,58.800576,-3.206881,Longhope ALB,58.8005757,-3.206880879,ON1284,16-May,235030387,Tamar,Afloat Boat,AfloatBoat,MK1Tamar,14/10/2006
OB02002197,ON1236 Severn ALB Violet Dorothy and Kathleen,Stromness ALB,58.963337,-3.29769,Stromness ALB,58.96333695,-3.297689915,ON1236,17-16,232003134,Severn,Afloat Boat,AfloatBoat,MK2MTUSevern,30/06/1998
OB02002733,ON1260 Severn ALB Roger and Joy Freeman,Aith ALB,60.286309,-1.3752, , , ,ON1260,17-31,235005115,Severn,Afloat Boat,AfloatBoat,MK2MTUSevern,01/10/2002
OB02002078,ON1221 Severn ALB Michael and Jane Vernon,Lerwick ALB,60.153287,-1.14022,Lerwick ALB,60.15328665,-1.140219957,ON1221,17-Oct,232002490,Severn,Afloat Boat,AfloatBoat,MK2MTUSevern,30/06/1997
OB02002215,ON1231 Severn ALB Margaret Foster,Kirkwall ALB,58.985405,-2.960315,Kirkwall ALB,58.98540466,-2.960315256,ON1231,17-13,232003051,Severn,Afloat Boat,AfloatBoat,MK2MTUSevern,30/06/1998
OB02002158,ON1224 Trent ALB Roy Barker II,Wick ALB,58.439337,-3.082953,Wick ALB,58.43933651,-3.082953399,ON1224,14-20,232002183,Trent,Afloat Boat,AfloatBoat,MK1Trent,30/06/1996
OB02002088,ON1206 Trent ALB Douglas Aikman Smith,Invergordon ALB,57.686544,-4.167407,Invergordon ALB,57.68654395,-4.167407226,ON1206,14-Aug,232001970,Trent,Afloat Boat,AfloatBoat,MK1Trent,30/06/1995
OB02012704,B-Class A85 Robert and Isobel Mowat,Kessock ILB B,57.500991,-4.234654,Kessock ILB B,57.50099107,-4.23465379, ,B-873,235101865,B-Class,Atlantic 85,Atlantic85,MK1Atlantic85,01/01/2013
OB02002747,B-Class A75 Colin James Daniel,Loch Ness ILB B,57.336745,-4.444432,Loch Ness ILB B,57.33674492,-4.44443228, ,B-763, ,B-Class,Atlantic 75,Atlantic75,MK1Atlantic75,01/02/2000
OB02002970,ON1268 Severn ALB William Blannin,Buckie ALB,57.680841,-2.952716,Buckie ALB,57.68084138,-2.952715636,ON1268,17-37,236007809,Severn,Afloat Boat,AfloatBoat,MK1CATSevern,28/05/2003
OB02004102,B-Class A85 Lydia Macdonald,Macduff ILB B,57.672697,-2.494272,Macduff ILB B,57.67269741,-2.494272393, ,B-804,235101861,B-Class,Atlantic 85,Atlantic85,MK2SIMSAtlantic85,19/05/2006
OB02002732,ON1259 Trent ALB Willie and May Gall,Fraserburgh ALB,57.693571,-2.002824,Fraserburgh ALB,57.69357106,-2.002823984,ON1259,14-34,235005113,Trent,Afloat Boat,AfloatBoat,MK1Trent,18/05/2002
OB02003815,ON1282 Tamar ALB The Misses Robertson of Kintail,Peterhead ALB,57.503042,-1.774634,Peterhead ALB,57.50304187,-1.774634315,ON1282,16-Mar,235030389,Tamar,Afloat Boat,AfloatBoat,MK1Tamar,07/04/2006
OB02002740,ON1248 Severn ALB Bon Accord,Aberdeen ALB,57.144039,-2.080431,Aberdeen ALB,57.14403912,-2.080430701,ON1248,17-24,232004399,Severn,Afloat Boat,AfloatBoat,MK2MTUSevern,30/06/2000
OB02004936,D-Class ILB James Bissett Simpson,Aberdeen ILB D,57.144039,-2.080431,Aberdeen ILB D,57.14403912,-2.080430701, ,D-694,235102986,D-Class,IB1 variant,IB1,MK2IB1,21/10/2009
OB02002748,B-Class A75 Jack and Joyce Burcombe,Stonehaven ILB B,56.960638,-2.201313, , , , ,B-762, ,B-Class,Atlantic 75,Atlantic75,MK1Atlantic75,15/03/2000
OB02026518,ON1317 Shannon ALB Ian Grant Smith,Montrose ALB,56.703663,-2.463908,Montrose ALB,56.70366339,-2.463907851,ON1317,13-Oct,235106578,Shannon,Afloat Boat,AfloatBoat,MK1Shannon,01/01/2016
OB02012708,D-Class ILB Nigel A Kennedy,Montrose ILB D,56.703663,-2.463908,Montrose ILB D,56.70366339,-2.463907851, ,D-764,235102026,D-Class,IB1 variant,IB1,MK2IB1,02/12/2013
OB02012577,D-Class ILB Robert Fergusson,Arbroath ILB D,56.555267,-2.584827,Arbroath ILB D,56.55526662,-2.584826647, ,D-759,235099414,D-Class,IB1 variant,IB1,MK2IB1,05/07/2013
OB02002759,ON1252 Trent ALB Elizabeth of Glamis,Broughty Ferry ALB,56.465,-2.8774,Broughty Ferry ALB,56.465,-2.8774,ON1252,14-31,232004404,Trent,Afloat Boat,AfloatBoat,MK1Trent,14/04/2001
OB02006703,D-Class ILB Ole Schroder,Broughty Ferry ILB D,56.465,-2.8774, , , , ,D-740,235096976,D-Class,IB1 variant,IB1,MK2IB1,22/02/2016
OB02002122,ON1174 Mersey ALB Kingdom of Fife,Anstruther ALB,56.22152,-2.697318,Anstruther ALB,56.2215196,-2.697317618,ON1174,Dec-17,232002250,Mersey,Carriage Boat,CarriageBoat,MK1FRCMersey,01/08/1991
OB02023534,D-Class ILB AKIRA,Anstruther ILB D,56.22152,-2.697318,Anstruther Lifeboat Station,56.2215196,-2.697317618, ,D-802, ,D-Class,IB1 variant,IB1,MK2IB1,12/10/2016
OB02006220,B-Class A85 Tommy Niven,Kinghorn ILB B,56.068548,-3.173954,Kinghorn ILB B,56.06854811,-3.173953913, ,B-836,235105951,B-Class,Atlantic 85,Atlantic85,MK2SIMSAtlantic85,20/10/2009
OB02007175,B-Class A85 Jimmie Cairncross,Queensferry ILB B,55.9906,-3.3852,Queensferry ILB B,55.9906,-3.3852, ,B-851,235087721,B-Class,Atlantic 85,Atlantic85,MK2SIMSAtlantic85,04/09/2012
OB02012541,D-Class ILB Eveyln M,North Berwick ILB D,56.060237,-2.717634,North Berwick ILB D,56.06023729,-2.717633533, ,D-758,235098963,D-Class,IB1 variant,IB1,MK2IB1,02/05/2013
OB02002968,ON1266 Trent ALB John Neville Taylor,Dunbar ALB,56.005043,-2.514909,Dunbar ALB,56.00504316,-2.514909353,ON1266,14-35,235005114,Trent,Afloat Boat,AfloatBoat,MK1Trent,19/11/2002
OB02002181,ON1209 Trent ALB Barclaycard Crusader,Eyemouth ALB,55.872177,-2.086115,Eyemouth ALB,55.87217712,-2.086114883,ON1209,14-Nov,232002350,Trent,Afloat Boat,AfloatBoat,MK1Trent,30/06/1995
OB02007406,D-Class ILB Myway,Eyemouth ILB D,55.872177,-2.086115, , , , ,D-745,235090928,D-Class,IB1 variant,IB1,MK2IB1,01/08/2011
OB02002228,ON1191 Mersey ALB Joy and Charles Beeby,Berwick-Upon-Tweed ALB,55.760971,-2.000278,Berwick-Upon-Tweed ALB,55.76097094,-2.000278442,ON1191,Dec-32,232002575,Mersey,Slipway Boat,SlipwayBoat,MK1FRCMersey,30/06/1992
OB02016457,D-Class ILB Vi and Charles Hogbin,Berwick-Upon-Tweed ILB D,55.760971,-2.000278,Berwick-Upon-Tweed ILB D,55.76097094,-2.000278442, ,D-777,235107685,D-Class,IB1 variant,IB1,MK2IB1,23/12/2014
OB02002135,ON1173 Mersey ALB Grace Darling,Seahouses ALB,55.5829,-1.6539,Seahouses ALB,55.5829,-1.6539,ON1173,Dec-16,232002240,Mersey,Carriage Boat,CarriageBoat,MK1FRCMersey,01/01/1991
OB02004806,D-Class ILB Peter Downes,Seahouses ILB D,55.5829,-1.6539,Seahouses ILB D,55.5829,-1.6539, ,D-686,235102933,D-Class,IB1 variant,IB1,MK2IB1,29/11/2007
OB02005114,D-Class ILB Joseph Hughes,Craster ILB D,55.47263,-1.59414,Craster ILB D,55.47262999,-1.594139506, ,D-703,235096949,D-Class,IB1 variant,IB1,MK2IB1,01/09/2008
OB02001058,ON1323 Shannon ALB Elizabeth and Leonard,Amble ALB,55.3364,-1.5816,Amble ALB,55.3364,-1.5816,ON1323,13-16,235109054,Shannon,Carriage Boat,CarriageBoat,MK1Shannon,01/01/2016
OB02006700,D-Class ILB Mildred Holcroft,Amble ILB D,55.3364,-1.5816,Amble ILB D,55.3364,-1.5816, ,D-736,235108854,D-Class,IB1 variant,IB1,MK2IB1,07/05/2012
OB02010340,B-Class A85 Richard Wake Burdon,Newbiggin ILB B,55.1859,-1.5066,Newbiggin ILB B,55.1859,-1.5066, ,B-864,235095307,B-Class,Atlantic 85,Atlantic85,MK1Atlantic85,18/09/2012
OB02002958,B-Class A75 Vic and Billie Whiffen,Blyth ILB B,55.125591,-1.498049, , , , ,B-776, ,B-Class,Atlantic 75,Atlantic75,MK1Atlantic75,01/08/2001
OB02007407,D-Class ILB Alan and Amy,Blyth ILB D,55.125591,-1.498049,Blyth ILB D,55.12559128,-1.498049021, ,D-746,235096961,D-Class,IB1 variant,IB1,MK2IB1,29/11/2012
OB02004232,B-Class A85 Hylton Burdon,Cullercoats ILB B,55.03552,-1.432091,Cullercoats ILB B,55.03551996,-1.432090664, ,B-811,235106994,B-Class,Atlantic 85,Atlantic85,MK2SIMSAtlantic85,01/12/2006
OB02002126,D-Class BB Holme Team IV,Tynemouth Lifeboat Station,55.009112,-1.432922, , , , ,BB-544, ,D-Class,EA16 variant,EA16,MK1BBEA16,01/08/1997
OB02002127,ON1242 Severn ALB Spirit of Northumberland,Tynemouth ALB,55.009112,-1.432922,Tynemouth ALB,55.00911169,-1.432921674,ON1242,17-20,232003140,Severn,Afloat Boat,AfloatBoat,MK2MTUSevern,30/06/1998
OB02004935,D-Class ILB Mark Noble,Tynemouth ILB D,55.009112,-1.432922, , , , ,D-693,235102874,D-Class,IB1 variant,IB1,MK2IB1,01/02/2008
OB02004408,B-Class A85 Wolseley,Sunderland ILB B,54.91994,-1.367461,Sunderland ILB B,54.9199399,-1.367461035, ,B-817, ,B-Class,Atlantic 85,Atlantic85,MK2SIMSAtlantic85,17/05/2007
OB02007408,D-Class ILB Myjo,Sunderland ILB D,54.91994,-1.367461, , , , ,D-747,235096967,D-Class,IB1 variant,IB1,MK2IB1,03/06/2014
OB02003220,ON1274 Trent ALB Betty Huntbatch,Hartlepool ALB,54.694838,-1.19096,Hartlepool ALB,54.69483777,-1.190959767,ON1274,14-37,235010879,Trent,Afloat Boat,AfloatBoat,MK1Trent,17/09/2003
OB02016042,B-Class A85 Solihull,Hartlepool ILB B,54.694838,-1.19096,Hartlepool ILB B,54.69483777,-1.190959767, ,B-881,235108071,B-Class,Atlantic 85,Atlantic85,MK2SIMSAtlantic85,01/12/2014
OB02012366,B-Class A85 Malcolm and Mona Bennett-Williams,Redcar ILB B,54.618587,-1.063667, , , , ,B-865,235096759,B-Class,Atlantic 85,Atlantic85,MK1Atlantic85,18/12/2012
OB02016858,D-Class ILB Eileen May Loach-Thomas,Redcar ILB D,54.618587,-1.063667, , , , ,D-786,235108989,D-Class,IB1 variant,IB1,MK2IB1, 
OB02024639,B-Class A85 Sheila and Dennis Tongue III,Staithes & Runswick ILB B,54.559757,-0.791727, , , , ,B-897, ,B-Class,Atlantic 85,Atlantic85,MK2SIMSAtlantic85,09/01/2017
OB02002114,ON1212 Trent ALB George and Mary Webb,Whitby ALB,54.48818,-0.613085,Whitby ALB,54.48818045,-0.613084888,ON1212,14-14,232002370,Trent,Afloat Boat,AfloatBoat,MK1Trent,30/06/1995
OB02004407,D-Class ILB OEM Stone III,Whitby ILB D,54.48818,-0.613085,Whitby ILB D,54.48818045,-0.613084888, ,D-674,235096935,D-Class,IB1 variant,IB1,MK2IB1,15/05/2007
OB02001055,ON1322 Shannon ALB Frederick William Plaxton,Scarborough ALB,54.283455,-0.393127,Scarborough ALB,54.28345461,-0.393126724,ON1322,13-15,235109052,Shannon,Carriage Boat,CarriageBoat,MK1Shannon,01/01/2016
OB02006317,D-Class ILB John Wesley Hillard III,Scarborough ILB D,54.283455,-0.393127,Scarborough ILB D,54.28345461,-0.393126724, ,D-724,235102871,D-Class,IB1 variant,IB1,MK2IB1,01/11/2009
OB02002120,ON1170 Mersey ALB Keep Fit Association,Filey ALB,54.211306,-0.283378,Filey ALB,54.21130643,-0.283378296,ON1170,Dec-13,232004395,Mersey,Carriage Boat,CarriageBoat,MK1FRCMersey,01/01/1991
OB02006404,D-Class ILB Braund,Filey ILB D,54.211306,-0.283378,Filey ILB D,54.21130643,-0.283378296, ,D-728,235102862,D-Class,IB1 variant,IB1,MK2IB1,13/02/2014
OB02004613,B-Class A85 Elizabeth Jane Palmer,Flamborough ILB B,54.104724,-0.118987,Flamborough ILB B,54.1047236,-0.118986899, ,B-820,235095911,B-Class,Atlantic 85,Atlantic85,MK1Atlantic85,09/08/2007
OB02002067,ON1169 Mersey ALB Marine Engineer,Bridlington ALB,54.076464,-0.199733,Bridlington ALB,54.07646423,-0.199732766,ON1169,12-Dec,232003625,Mersey,Carriage Boat,CarriageBoat,MK1ALALMersey,01/01/1991
OB02005112,D-Class ILB Henley Eight,Withernsea ILB D,53.726104,0.040724,Withernsea ILB D,53.72610431,0.04072364, ,D-701,235096947,D-Class,IB1 variant,IB1,MK2IB1,01/06/2008
OB02002971,ON1269 Severn ALB Daniel L Gibson,Humber ALB,53.5764,0.1107, , , ,ON1269,17-38,235007799,Severn,Afloat Boat,AfloatBoat,MK2MTUSevern,13/07/2003
OB02003121,B-Class A75 Dorothy and Kathrine Barr II,Humber ALB,53.5764,0.1107, , , , ,B-783, ,B-Class,Atlantic 75,Atlantic75,MK1Atlantic75,30/11/2006
OB02010346,D-Class ILB James Burgess II,Cleethorpes ILB D,53.55688,-0.023211,Cleethorpes ILB D,53.55687999,-0.023211423, ,D-757,235096972,D-Class,IB1 variant,IB1,MK2IB1,03/12/2012
OB02016848,B-Class A85 Jacqueline Saville,Mablethorpe ILB B,53.3408,0.266,Mablethorpe ILB B,53.3408,0.266, ,B-887, ,B-Class,Atlantic 85,Atlantic85,MK2SIMSAtlantic85, 
OB02016862,D-Class ILB Stanley Whiteley Chadwick,Mablethorpe ILB D,53.3408,0.266,Mablethorpe ILB D,53.3408,0.266, ,D-790,235108996,D-Class,IB1 variant,IB1,MK2IB1, 
OB02001277,ON1324 Shannon ALB Joel and April Grunnill,Skegness ALB,53.141765,0.34673,Skegness ALB,53.14176494,0.346730248,ON1324,13-17,235109055,Shannon,Carriage Boat,CarriageBoat,MK1Shannon,01/01/2016
OB02023336,D-Class ILB Marie Theresa Bertha Barrass,Skegness ILB D,53.141765,0.34673, , , , ,D-792, ,D-Class,IB1 variant,IB1,MK2IB1,21/05/2016
OB02006412,B-Class A85 Spirit of West Norfolk,Hunstanton ILB B,52.9541,0.5026,Hunstanton ILB B,52.9541,0.5026, ,B-848,235109734,B-Class,Atlantic 85,Atlantic85,MK2SIMSAtlantic85,01/11/2010
OB02003454,Hovercraft IRH Hunstanton Flyer,Hunstanton ILB H,52.9541,0.5026,Hunstanton ILB H,52.9541,0.5026, ,H-003, ,Hovercraft,Griffon,Griffon,MK1470SAR,28/02/2003
OB02002066,ON1161 Mersey ALB Doris M Mann of Ampthill,Wells ALB,52.972995,0.851732,Wells ALB,52.97299526,0.851731633,ON1161,12-003,232003201,Mersey,Carriage Boat,CarriageBoat,MK1ALALMersey,01/06/1990
OB02023341,D-Class ILB Peter Wilcox,Wells ILB D,52.972995,0.851732,Wells ILB D,52.97299526,0.851731633, ,D-797, ,D-Class,IB1 variant,IB1,MK2IB1,12/07/2016
OB02004474,B-Class A85 The Odd Fellows,Sheringham ILB B,52.945926,1.202744,Sheringham ILB B,52.94592579,1.202743987, ,B-818,235088862,B-Class,Atlantic 85,Atlantic85,MK1Atlantic85,01/06/2007
OB02004337,ON1287 Tamar ALB Lester,Cromer ALB,52.934366,1.301704,Cromer ALB,52.93436626,1.301703614,ON1287,16-Jul,235030385,Tamar,Slipway Boat,SlipwayBoat,MK1Tamar,20/06/2007
OB02006698,D-Class ILB George and Muriel,Cromer ILB D,52.934366,1.301704,Cromer ILB D,52.93436626,1.301703614, ,D-734,235108922,D-Class,IB1 variant,IB1,MK2IB1,15/06/2010
OB02027348,B-Class A85 Howard Bell,Happisburgh ILB B,52.813298,1.556197, , , , ,B-899, ,B-Class,Atlantic 85,Atlantic85,MK2SIMSAtlantic85,03/04/2017
OB02003399,D-Class ILB Spirit of Berkhamstead,Happisburgh ILB D,52.813298,1.556197,Happisburgh ILB D,52.81329817,1.556197324, ,D-607,235085974,D-Class,IB1 variant,IB1,MK2IB1,01/10/2003
OB02002233,ON1208 Trent ALB Samarbeta,Great Yarmouth & Gorleston ALB,52.575248,1.73197,Great Yarmouth & Gorleston ALB,52.5752479,1.731969864,ON1208,14-Oct,232002340,Trent,Afloat Boat,AfloatBoat,MK1Trent,30/06/1995
OB02009611,A-Class IRB No Name,Great Yarmouth & Gorleston ILB A,52.575248,1.73197,Great Yarmouth & Gorleston ILB A,52.5752479,1.731969864, ,A-77, ,A-Class,Arancia New Zealand built,AranciaNZ,MK1Lifeguard,01/06/2011
OB02003124,B-Class A75 Seahorse IV,Great Yarmouth & Gorleston ILB B,52.575248,1.73197,Great Yarmouth & Gorleston ILB B,52.5752479,1.731969864, ,B-786, ,B-Class,Atlantic 75,Atlantic75,MK1Atlantic75,14/02/2007
OB02026432,ON1312 Shannon ALB Patsy Knight,Lowestoft ALB,52.471692,1.752812,Lowestoft ALB,52.4716917,1.752812469,ON1312,13-May,235101098,Shannon,Afloat Boat,AfloatBoat,MK1Shannon,01/01/2016
OB02012493,B-Class A85 Annie Tranmer,Southwold ILB B,52.314983,1.672482,Southwold ILB B,52.314983,1.672481755, ,B-868,235097647,B-Class,Atlantic 85,Atlantic85,MK1Atlantic85,01/04/2013
OB02002095,ON1193 Mersey ALB Freddie Cooper,Aldeburgh ALB,52.152271,1.602616,Aldeburgh ALB,52.15227058,1.602616185,ON1193,Dec-34,232003208,Mersey,Carriage Boat,CarriageBoat,MK1FRCMersey,30/06/1993
OB02027306,D-Class ILB Susan Scott,Aldeburgh ILB D,52.152271,1.602616, , , , ,D-808, ,D-Class,IB1 variant,IB1,MK2IB1,22/03/2017
OB02002071,ON1202 Severn ALB Albert Brown,Harwich ALB,51.948657,1.287184,Harwich ALB,51.94865727,1.287184357,ON1202,17-Mar,232001910,Severn,Afloat Boat,AfloatBoat,MK2MTUSevern,30/06/1994
OB02003149,B-Class A75 Sure and Steadfast,Harwich ILB B,51.948657,1.287184,Harwich ILB B,51.94865727,1.287184357, ,B-789, ,B-Class,Atlantic 75,Atlantic75,MK1Atlantic75,01/10/2002
OB02005603,ON1299 Tamar ALB Irene Muriel Rees,Walton & Frinton ALB,51.847245,1.271192,Walton & Frinton ALB,51.84724519,1.27119165,ON1299,16-19,235069211,Tamar,Afloat Boat,AfloatBoat,MK1Tamar,22/02/2011
OB02010339,B-Class A85 David Porter MPS,Clacton-on-Sea ILB B,51.7815,1.1413,Clacton-on-Sea ILB B,51.7815,1.1413, ,B-863,235092957,B-Class,Atlantic 85,Atlantic85,MK1Atlantic85,06/08/2012
OB02006054,D-Class ILB Damarkand IV,Clacton-on-Sea ILB D,51.7815,1.1413,Clacton-on-Sea ILB D,51.7815,1.1413, ,D-723,235096964,D-Class,IB1 variant,IB1,MK2IB1,25/06/2009
OB02012714,B-Class A85 Just George,West Mersea ILB B,51.780337,0.898664,West Mersea ILB B,51.78033652,0.898663509, ,B-879,235106996,B-Class,Atlantic 85,Atlantic85,MK2SIMSAtlantic85, 
OB02007125,B-Class A85 Tony and Robert Britt,Burnham-on-Crouch ILB B,51.629185,0.80253,Burnham-on-Crouch ILB B,51.62918472,0.802529991, ,B-849, ,B-Class,Atlantic 85,Atlantic85,MK2SIMSAtlantic85,10/08/2011
OB02027096,D-Class ILB David and Barbara Chapman,Burnham-on-Crouch ILB D,51.629185,0.80253, , , , ,D-807, ,D-Class,IB1 variant,IB1,MK2IB1,27/02/2017
OB02016846,B-Class A85 Julia and Angus Wright,Southend-on-Sea ILB B,51.532425,0.716346,Southend-on-Sea ILB B,51.53242493,0.716346025, ,B-885, ,B-Class,Atlantic 85,Atlantic85,MK2SIMSAtlantic85, 
OB02004779,D-Class ILB The Essex Freemason,Southend-on-Sea ILB D (Wet End),51.532425,0.716346,Southend-on-Sea ILB D (Dry End),51.53242493,0.716346025, ,D-682,235102943,D-Class,IB1 variant,IB1,MK2IB1,01/09/2007
OB02016043,D-Class ILB William Henderson,Southend-on-Sea ILB D (Dry End),51.532425,0.716346, , , , ,D-771,235103263,D-Class,IB1 variant,IB1,MK2IB1,01/08/2014
OB02003262,Hovercraft IRH Vera Ravine,Southend-on-Sea ILB H,51.532425,0.716346,Southend-on-Sea ILB H,51.53242493,0.716346025, ,H-004, ,Hovercraft,Griffon,Griffon,MK1470SAR,31/08/2003
OB02005001,B-Class A85 Olive Laura Deare II,Gravesend ILB B,51.445265,0.374681,Gravesend ILB B,51.44526479,0.374681366, ,B-827,235070739,B-Class,Atlantic 85,Atlantic85,MK1Atlantic85,01/10/2008
OB02003048,E-Class ILB Joan and Kenneth Bellamy,Tower Lifeboat Station,51.50992,-0.117225,Chiswick ILB E (Operational),51.48219621,-0.25158427, ,E-006,235070738,E-Class,Tiger Marine T9000 (RNLI) base boat,TigerMarineT9000base,MK1E-Class,31/01/2002
OB02007716,E-Class ILB Hurley Burly,Tower ILB E (Operational),51.50992,-0.117225,Tower ILB E (Operational),51.50992,-0.117225498, ,E-07,235080605,E-Class,Marine specialised technology 1050 base boat,MST1050base,MK2E-Class,01/07/2011
OB02009617,E-Class ILB Brawn Challenge,Chiswick ILB E (Operational),51.482196,-0.251584,Tower ILB E (Operational),51.50992,-0.117225498, ,E-09,235080607,E-Class,Marine specialised technology 1050 base boat,MST1050base,MK2E-Class,01/04/2012
OB02007777,E-Class ILB Dougie and Donna B,Chiswick ILB E (Operational),51.482196,-0.251584,Chiswick ILB E (Operational),51.48219621,-0.25158427, ,E-08,235080606,E-Class,Marine specialised technology 1050 base boat,MST1050base,MK2E-Class, 
OB02006706,D-Class ILB Olwen and Tom,Teddington ILB D (Down Lock),51.430629,-0.326063,Teddington ILB D (Down Lock),51.43062872,-0.32606335, ,D-743,235083511,D-Class,IB1 variant,IB1,MK2IB1,24/11/2010
OB02016857,D-Class ILB Peter Saw,Teddington ILB D (Up Lock),51.430629,-0.326063,Teddington ILB D (Up Lock),51.43062872,-0.32606335, ,D-785,235108838,D-Class,IB1 variant,IB1,MK2IB1, 
OB02002110,ON1211 Trent ALB George and Ivy Swanson,Sheerness ALB,51.446178,0.744002,Sheerness ALB,51.44617844,0.744001985,ON1211,14-13,232002180,Trent,Afloat Boat,AfloatBoat,MK1Trent,30/06/1995
OB02023343,D-Class ILB Buster,Sheerness ILB D,51.446178,0.744002,Sheerness ILB D,51.44617844,0.744001985, ,D-799, ,D-Class,IB1 variant,IB1,MK2IB1,11/08/2016
OB02012712,B-Class A85 Lewisco,Whitstable ILB B,51.362591,1.025767,Whitstable ILB B,51.36259052,1.025766881, ,B-877,235105953,B-Class,Atlantic 85,Atlantic85,MK2SIMSAtlantic85,01/07/2014
OB02002146,ON1178 Mersey ALB Margaret Jean,Margate ALB,51.391616,1.382693, , , ,ON1178,Dec-21,232002290,Mersey,Afloat Boat,AfloatBoat,MK1FRCMersey,01/06/1991
OB02005117,D-Class ILB Tigger Three,Margate ILB D,51.391616,1.382693,Margate ILB D,51.39161649,1.382693269, ,D-706,235108848,D-Class,IB1 variant,IB1,MK2IB1,01/11/2008
OB02002065,ON1197 Trent ALB Esme Anderson,Ramsgate ALB,51.328903,1.419671,Ramsgate ALB,51.3289033,1.419671397,ON1197,14-Feb,232001840,Trent,Afloat Boat,AfloatBoat,MK1Trent,30/06/1994
OB02012713,B-Class A85 Claire and David Delves,Ramsgate ILB B,51.328903,1.419671,Ramsgate ILB B,51.3289033,1.419671397, ,B-878,235106995,B-Class,Atlantic 85,Atlantic85,MK2SIMSAtlantic85,01/09/2014
OB02023326,B-Class A85 The Drayton Manor,Walmer ILB B,51.213532,1.40299, , , , ,B-801,235095913,B-Class,Atlantic 85,Atlantic85,MK1Atlantic85,01/06/2006
OB02023338,D-Class ILB Duggie Rodbard II,Walmer ILB D,51.213532,1.40299,Walmer ILB D,51.21353156,1.402989773, ,D-794, ,D-Class,IB1 variant,IB1,MK2IB1,19/04/2016
OB02002155,ON1220 Severn ALB City of London II,Dover ALB,51.1183,1.3106,Dover ALB,51.1183,1.3106,ON1220,17-Sep,232002480,Severn,Afloat Boat,AfloatBoat,MK2MTUSevern,30/06/1997
OB02003123,B-Class A75 Fred Clarke,Littlestone-on-Sea ILB B,50.974594,0.965636,Littlestone-on-Sea ILB B,50.97459351,0.965635541, ,B-785,235109553,B-Class,Atlantic 75,Atlantic75,MK1Atlantic75,28/11/2006
OB02026378,ON1309 Shannon ALB The Morrell,Dungeness ALB,50.926506,0.976547,Dungeness ALB,50.92650637,0.976546851,ON1309,13-Feb,235101095,Shannon,Carriage Boat,CarriageBoat,MK1Shannon,01/01/2016
OB02012715,B-Class A85 Martin Frederick Whitehouse,Rye Harbour ILB B,50.938482,0.764106, , , , ,B-880,235108068,B-Class,Atlantic 85,Atlantic85,MK2SIMSAtlantic85,17/11/2014
OB02002080,ON1125 Mersey ALB Sealink Endeavour,Hastings ALB,50.854919,0.591786,Hastings ALB,50.85491935,0.591785851,ON1125,12-002,232003305,Mersey,Carriage Boat,CarriageBoat,MK1ALALMersey,01/01/1987
OB02004941,D-Class ILB Daphne May,Hastings ILB D,50.854919,0.591786,Hastings ILB D,50.85491935,0.591785851, ,D-699,235102867,D-Class,IB1 variant,IB1,MK2IB1,01/02/2008
OB02005607,ON1303 Tamar ALB Diamond Jubilee,Eastbourne ALB,50.791179,0.327696,Eastbourne ALB,50.79117902,0.32769611,ON1303,16-23,235069215,Tamar,Afloat Boat,AfloatBoat,MK1Tamar,11/04/2012
OB02006707,D-Class ILB Laurence and Percy Hobbs,Eastbourne ILB D,50.791179,0.327696,Eastbourne ILB D,50.79117902,0.32769611, ,D-744,235096966,D-Class,IB1 variant,IB1,MK2IB1,12/05/2013
OB02002128,ON1243 Severn ALB David and Elizabeth Acland,Newhaven ALB,50.788517,0.05372,Newhaven ALB,50.78851704,0.053719841,ON1243,17-21,232003141,Severn,Afloat Boat,AfloatBoat,MK2MTUSevern,30/06/1998
OB02007401,B-Class A85 Random Harvest,Brighton ILB B,50.8109,-0.1043,Brighton ILB B,50.8109,-0.1043, ,B-852,235088764,B-Class,Atlantic 85,Atlantic85,MK2SIMSAtlantic85,07/09/2011
OB02004854,ON1295 Tamar ALB Enid Collett,Shoreham Harbour ALB,50.8304,-0.249,Shoreham Harbour ALB,50.8304,-0.249,ON1295,16-15,235050721,Tamar,Slipway Boat,SlipwayBoat,MK1Tamar,23/11/2010
OB02016856,D-Class ILB Joan Woodland,Shoreham Harbour ILB D,50.8304,-0.249,Shoreham Harbour ILB D,50.8304,-0.249, ,D-784,235108837,D-Class,IB1 variant,IB1,MK2IB1, 
OB02018835,B-Class A85 Renee Sherman,Littlehampton ILB B,50.80803,-0.544483,Littlehampton ILB B,50.80802967,-0.544482762, ,B-891, ,B-Class,Atlantic 85,Atlantic85,MK2SIMSAtlantic85,01/01/2016
OB02016071,D-Class ILB Arthur Hamilton,Littlehampton ILB D,50.80803,-0.544483, , , , ,D-774,235107673,D-Class,IB1 variant,IB1,MK2IB1,01/10/2014
OB02002188,ON1146 Tyne ALB Voluntary Worker,Selsey ALB,50.727136,-0.778702,Selsey ALB,50.72713644,-0.778701948,ON1146,47-031,232003309,Tyne,Slipway Boat,SlipwayBoat,MK1Tyne,01/06/1988
OB02004850,D-Class ILB Betty and Thomas Moore,Selsey ILB D,50.727136,-0.778702,Selsey ILB D,50.72713644,-0.778701948, ,D-691,235102941,D-Class,IB1 variant,IB1,MK2IB1,01/01/2007
OB02004776,B-Class A85 Norma Ethel Vinall,Hayling Island ILB B,50.781624,-0.936681, , , , ,B-825,235098753,B-Class,Atlantic 85,Atlantic85,MK1Atlantic85,20/05/2008
OB02006410,B-Class A85 Norma T,Portsmouth ILB B,50.795226,-1.029811,Portsmouth ILB B,50.7952262,-1.029810712, ,B-846,235108851,B-Class,Atlantic 85,Atlantic85,MK2SIMSAtlantic85,24/10/2010
OB02006059,D-Class ILB Brian's Pride,Portsmouth ILB D,50.795226,-1.029811,Portsmouth ILB D,50.7952262,-1.029810712, ,D-716,235091474,D-Class,IB1 variant,IB1,MK2IB1,01/07/2009
OB02009291,B-Class A85 Max Walls,Calshot ILB B,50.820195,-1.308302,Calshot ILB B,50.82019519,-1.308301757, ,B-860,235091473,B-Class,Atlantic 85,Atlantic85,MK2SIMSAtlantic85,30/04/2012
OB02007409,D-Class ILB Willett,Calshot ILB D,50.820195,-1.308302,Calshot ILB D,50.82019519,-1.308301757, ,D-748,235091475,D-Class,IB1 variant,IB1,MK2IB1,01/11/2011
OB02016841,B-Class A85 David Bradley,Lymington ILB B,50.7539,-1.5291,Lymington ILB B,50.7539,-1.5291, ,B-882,235108808,B-Class,Atlantic 85,Atlantic85,MK2SIMSAtlantic85, 
OB02004336,ON1286 Tamar ALB Frank and Anne Wilkinson,Bembridge ALB,50.690202,-1.07048, , , ,ON1286,16-Jun,235030386,Tamar,Afloat Boat,AfloatBoat,MK1Tamar,01/04/2007
OB02004856,ON1297 Tamar ALB Alfred Albert Williams,Bembridge ALB,50.690202,-1.07048,Bembridge ALB,50.69020183,-1.070480015,ON1297,16-17,235050723,Tamar,Slipway Boat,SlipwayBoat,MK1Tamar,15/06/2010
OB02016850,D-Class ILB Norman Harvey,Bembridge ILB D,50.690202,-1.07048,Bembridge ILB D,50.69020183,-1.070480015, ,D-778,235108812,D-Class,IB1 variant,IB1,MK2IB1, 
OB02009290,B-Class A85 Sheena Louise,Cowes ILB B,50.764801,-1.298099,Cowes ILB B,50.76480058,-1.298098568, ,B-859,235091472,B-Class,Atlantic 85,Atlantic85,MK1Atlantic85,08/06/2012
OB02002741,ON1249 Severn ALB Eric and Susan Hiscock (Wanderer),Yarmouth (IOW) ALB,50.706162,-1.50044,Yarmouth (IOW) ALB,50.706162,-1.50044,ON1249,17-25,232004401,Severn,Afloat Boat,AfloatBoat,MK2MTUSevern,30/06/2000
OB02004191,B-Class A85 Mudeford Servant,Mudeford ILB B,50.724319,-1.742065,Mudeford ILB B,50.72431921,-1.742064948, ,B-806,235087097,B-Class,Atlantic 85,Atlantic85,MK2SIMSAtlantic85,01/09/2006
OB02005000,B-Class A85 Sgt Bob Martin,Poole ILB B,50.712714,-1.991972,Poole ILB B,50.71271382,-1.991971959, ,B-826,235102921,B-Class,Atlantic 85,Atlantic85,MK1Atlantic85,01/09/2008
OB02026568,ON1320 Shannon ALB George Thomas Lacy,Swanage ALB,50.607233,-1.946708,Swanage ALB,50.60723298,-1.946708258,ON1320,13-13,235106583,Shannon,Slipway Boat,SlipwayBoat,MK1Shannon,01/01/2016
OB02010342,D-Class ILB Phyl and Jack,Swanage ILB D,50.607233,-1.946708,Swanage ILB D,50.60723298,-1.946708258, ,D-752,235094315,D-Class,IB1 variant,IB1,MK2IB1,12/07/2012
OB02002734,ON1261 Severn ALB Ernest and Mabel,Weymouth ALB,50.607243,-2.450158,Weymouth ALB,50.60724258,-2.450158119,ON1261,17-32,235005118,Severn,Afloat Boat,AfloatBoat,MK1CATSevern,30/06/2002
OB02002793,B-Class A75 Braemar,Weymouth ILB B,50.607243,-2.450158, , , , ,B-774, ,B-Class,Atlantic 75,Atlantic75,MK1Atlantic75,15/05/2001
OB02008571,B-Class A85 Spirit of Loch Fyne,Lyme Regis ILB B,50.7204,-2.939,Lyme Regis ILB B,50.7204,-2.939, ,B-857,235090695,B-Class,Atlantic 85,Atlantic85,MK1Atlantic85,01/02/2012
OB02026396,ON1310 Shannon ALB R & J Welburn,Exmouth ALB,50.610982,-3.399015,Exmouth ALB,50.61098163,-3.399014832,ON1310,13-Mar,235101096,Shannon,Carriage Boat,CarriageBoat,MK1Shannon,01/01/2016
OB02024938,D-Class ILB George Bearman II,Exmouth ILB D,50.610982,-3.399015, , , , ,D-805, ,D-Class,IB1 variant,IB1,MK2IB1,19/01/2017
OB02005993,A-Class IRB No Name,Teignmouth ILB A,50.542167,-3.497902, , , , ,A-67, ,A-Class,Arancia New Zealand built,AranciaNZ,MK1Lifeguard,15/07/2009
OB02004169,B-Class A85 The Two Annes,Teignmouth ILB B,50.542167,-3.497902,Teignmouth ILB B,50.54216706,-3.49790169, ,B-809,235090693,B-Class,Atlantic 85,Atlantic85,MK2SIMSAtlantic85,01/06/2007
OB02002755,ON1255 Severn ALB Alec and Christina Dykes,Torbay ALB,50.399184,-3.505521,Torbay ALB,50.39918379,-3.505521489,ON1255,17-28,232004407,Severn,Afloat Boat,AfloatBoat,MK1CATSevern,30/06/2001
OB02016860,D-Class ILB Leslie and Mary Daws,Torbay ILB D,50.399184,-3.505521,Torbay ILB D,50.39918379,-3.505521489, ,D-788,235108994,D-Class,IB1 variant,IB1,MK2IB1, 
OB02005113,D-Class ILB Spirit of The Dart,Dart ILB D,50.354731,-3.578012,Dart ILB D,50.35473054,-3.578011884, ,D-702,235096948,D-Class,IB1 variant,IB1,MK2IB1,25/07/2008
OB02004339,ON1289 Tamar ALB The Baltic Exchange III,Salcombe ALB,50.238604,-3.766712,Salcombe ALB,50.23860438,-3.766712082,ON1289,16-Sep,235050655,Tamar,Afloat Boat,AfloatBoat,MK1Tamar,12/12/2007
OB02003311,B-Class A75 Joan Bate,Salcombe ILB B,50.238604,-3.766712,Salcombe ILB B,50.23860438,-3.766712082, ,B-794, ,B-Class,Atlantic 75,Atlantic75,MK1Atlantic75,01/06/2003
OB02002185,ON1203 Severn ALB Spirit of Guernsey,St Peter Port ALB,49.452742,-2.533415,St Peter Port ALB,49.45274249,-2.533414534,ON1203,17-Apr,232001940,Severn,Afloat Boat,AfloatBoat,MK2MTUSevern,30/06/1995
OB02006407,B-Class A85 Eric W Wilson,St Catherine ILB B,49.21796,-2.030262,St Catherine ILB B,49.21795993,-2.030262494, ,B-841,235108064,B-Class,Atlantic 85,Atlantic85,MK2SIMSAtlantic85,15/06/2010
OB02004827,ON1292 Tamar ALB George Sullivan,St Helier ALB,49.1805,-2.1128,St Helier ALB,49.1805,-2.1128,ON1292,16-Dec,235050568,Tamar,Afloat Boat,AfloatBoat,MK1Tamar,01/06/2009
OB02006050,B-Class A85 Martin Harvey,St Helier ILB B,49.1805,-2.1128, , , , ,B-835,235097643,B-Class,Atlantic 85,Atlantic85,MK1Atlantic85,03/09/2009
OB02002229,ON1199 Trent ALB Roy Barker I,Alderney ALB,49.723992,-2.200106,Alderney ALB,49.72399202,-2.200105574,ON1199,14-Apr,232001870,Trent,Afloat Boat,AfloatBoat,MK1Trent,30/06/1994
OB02002737,ON1264 Severn ALB Sybil Mullen Glover,Plymouth ALB,50.3631,-4.1504,Plymouth ALB,50.3631,-4.1504,ON1264,17-35,235005121,Severn,Afloat Boat,AfloatBoat,MK1CATSevern,28/02/2003
OB02002957,B-Class A75 Millennium Forester,Plymouth ILB B,50.3631,-4.1504,Plymouth ILB B,50.3631,-4.1504, ,B-775, ,B-Class,Atlantic 75,Atlantic75,MK1Atlantic75,01/07/2001
OB02003198,A-Class IRB No Name,Plymouth ILB A,50.3631,-4.1504, , , , ,A-31, ,A-Class,Arancia New Zealand built,AranciaNZ,MK1Lifeguard,04/02/2003
OB02018847,B-Class A85 Sheila and Dennis Tongue II,Looe ILB B,50.352019,-4.453241,Looe ILB B,50.35201931,-4.453241023, ,B-894, ,B-Class,Atlantic 85,Atlantic85,MK2SIMSAtlantic85,01/01/2016
OB02006704,D-Class ILB Ollie Naismith,Looe ILB D,50.352019,-4.453241,Looe ILB D,50.35201931,-4.453241023, ,D-741,235109317,D-Class,IB1 variant,IB1,MK2IB1,22/09/2010
OB02002760,ON1253 Trent ALB Corinne Whiteley,Fowey ALB,50.338722,-4.632329, , , ,ON1253,14-32,232004405,Trent,Afloat Boat,AfloatBoat,MK1Trent,01/06/2001
OB02004755,D-Class ILB Olive Two,Fowey ILB D,50.338722,-4.632329,Fowey ILB D,50.33872172,-4.632329423, ,D-681,235102934,D-Class,IB1 variant,IB1,MK2IB1,28/09/2007
OB02002756,ON1256 Severn ALB Richard Cox Scott,Falmouth ALB,50.1514,-5.0592,Falmouth ALB,50.1514,-5.0592,ON1256,17-29,232004408,Severn,Afloat Boat,AfloatBoat,MK1CATSevern,30/06/2001
OB02002191,B-Class A75 Eve Pank,Falmouth ILB B,50.1514,-5.0592,Falmouth ILB B,50.1514,-5.0592, ,B-756, ,B-Class,Atlantic 75,Atlantic75,MK1Atlantic75,15/06/1999
OB02005604,ON1300 Tamar ALB Rose,The Lizard ALB,49.969512,-5.187045,The Lizard ALB,49.96951183,-5.187045014,ON1300,16-20,235069212,Tamar,Slipway Boat,SlipwayBoat,MK1Tamar,20/06/2011
OB02002738,ON1265 Severn ALB Ivan Ellen,Penlee ALB,50.103931,-5.548723,Penlee ALB,50.10393143,-5.548723221,ON1265,17-36,235005122,Severn,Afloat Boat,AfloatBoat,MK1CATSevern,31/03/2003
OB02018846,B-Class A85 Mollie and Ivor Dent,Penlee ILB B,50.103931,-5.548723,Penlee ILB B,50.10393143,-5.548723221, ,B-893, ,B-Class,Atlantic 85,Atlantic85,MK2SIMSAtlantic85,01/01/2016
OB02002072,ON1229 Severn ALB The Whiteheads,St Mary's ALB,49.916863,-6.311713,St Mary's ALB,49.91686344,-6.311713371,ON1229,17-Nov,232003049,Severn,Afloat Boat,AfloatBoat,MK1CATSevern,30/06/1997
OB02004853,ON1294 Tamar ALB City of London III,Sennen Cove ALB,50.077864,-5.703656,Sennen Cove ALB,50.07786401,-5.703655897,ON1294,16-14,235050719,Tamar,Slipway Boat,SlipwayBoat,MK1Tamar,28/10/2009
OB02012707,D-Class ILB Amy Brown,Sennen Cove ILB D,50.077864,-5.703656,Sennen Cove ILB D,50.07786401,-5.703655897, ,D-763,235102025,D-Class,IB1 variant,IB1,MK2IB1,18/11/2013
OB02026535,ON1318 Shannon ALB Nora Stachura,St Ives ALB,50.2128,-5.4796,St Ives ALB,50.2128,-5.4796,ON1318,13-Nov,235106579,Shannon,Carriage Boat,CarriageBoat,MK1Shannon,01/01/2016
OB02016859,D-Class ILB XKalibur,St Agnes ILB D,50.3195,-5.2017,St Agnes ILB D,50.3195,-5.2017, ,D-787,235108991,D-Class,IB1 variant,IB1,MK2IB1, 
OB02004764,B-Class A85 The Gladys Mildred,Newquay (Cornwall) ILB B,50.416411,-5.087125,Newquay (Cornwall) ILB B,50.41641073,-5.087124556, ,B-821,235101862,B-Class,Atlantic 85,Atlantic85,MK1Atlantic85,01/09/2007
OB02016070,D-Class ILB Enid Mary,Newquay (Cornwall) ILB D,50.416411,-5.087125,Newquay (Cornwall) ILB D,50.41641073,-5.087124556, ,D-773,235103266,D-Class,IB1 variant,IB1,MK2IB1,02/10/2014
OB02003816,ON1283 Tamar ALB Spirit of Padstow,Padstow ALB,50.549034,-5.02172,Padstow ALB,50.54903445,-5.021720113,ON1283,16-Apr,235030388,Tamar,Slipway Boat,SlipwayBoat,MK1Tamar,31/08/2006
OB02006548,D-Class ILB Norma and Bill Burleigh,Rock ILB D,50.544643,-4.924479, , , , ,D-720,235108872,D-Class,IB1 variant,IB1,MK2IB1,06/07/2012
OB02005118,D-Class ILB Copeland Bell,Port Isaac ILB D,50.592012,-4.831992,Port Isaac ILB D,50.59201225,-4.831992477, ,D-707,235096952,D-Class,IB1 variant,IB1,MK2IB1,01/11/2008
OB02026053,T Mansell,Port Isaac ILB D,50.592012,-4.831992, , , , , , ,D-Class,IB1 variant,IB1,MK2IB1,16/02/2017
OB02010345,D-Class ILB George Bird,Bude ILB D,50.830895,-4.550008,Bude ILB D,50.83089483,-4.550007876, ,D-756,235096667,D-Class,IB1 variant,IB1,MK2IB1,29/11/2012
OB02012703,B-Class A85 Toby Rundle,Clovelly ILB B,50.9983,-4.3976,Clovelly ILB B,50.9983,-4.3976, ,B-872,235100651,B-Class,Atlantic 85,Atlantic85,MK1Atlantic85,02/05/2014
OB02004855,ON1296 Tamar ALB Mollie Hunt,Appledore ALB,51.056909,-4.199869,Appledore ALB,51.05690932,-4.199869033,ON1296,16-16,235050722,Tamar,Afloat Boat,AfloatBoat,MK1Tamar,28/01/2010
OB02010337,B-Class A85 Glanely,Appledore ILB B,51.056909,-4.199869,Appledore ILB B,51.05690932,-4.199869033, ,B-861,235092934,B-Class,Atlantic 85,Atlantic85,MK1Atlantic85,19/06/2012
OB02026500,ON1316 Shannon ALB The Barry & Peggy High Foundation,Ilfracombe ALB,51.209663,-4.116088,Ilfracombe ALB,51.20966285,-4.11608837,ON1316,13-Sep,235106576,Shannon,Carriage Boat,CarriageBoat,MK1Shannon,01/01/2016
OB02006060,D-Class ILB Deborah Brown II,Ilfracombe ILB D,51.209663,-4.116088,Ilfracombe ILB D,51.20966285,-4.11608837, ,D-717,235102875,D-Class,IB1 variant,IB1,MK2IB1,01/08/2009
OB02004775,B-Class A85 Richard and Elizabeth Deaves,Minehead ILB B,51.214049,-3.475224,Minehead ILB B,51.2140494,-3.475224221, ,B-824,235097642,B-Class,Atlantic 85,Atlantic85,MK1Atlantic85,29/11/2007
OB02005123,D-Class ILB Christine,Minehead ILB D,51.214049,-3.475224,Minehead ILB D,51.2140494,-3.475224221, ,D-712,235108849,D-Class,IB1 variant,IB1,MK2IB1,01/07/2009
OB02003312,B-Class A75 Staines Whitfield,Burnham-on-Sea ILB B,51.2337,-2.9973,Burnham-on-Sea ILB B,51.2337,-2.9973, ,B-795, ,B-Class,Atlantic 75,Atlantic75,MK1Atlantic75,15/09/2003
OB02023533,D-Class ILB Burnham Reach,Burnham-on-Sea ILB D,51.2337,-2.9973,Burnham-on-Sea Lifeboat Station,51.2337,-2.9973, ,D-801, ,D-Class,IB1 variant,IB1,MK2IB1,05/10/2016
OB02002780,B-Class A75 Coventry and Warwickshire,Weston-Super-Mare ILB B (Knightstone),51.352089,-2.988006,Weston-Super-Mare ILB B (Knightstone),51.352089,-2.988006, ,B-769, ,B-Class,Atlantic 75,Atlantic75,MK1Atlantic75,15/10/2002
OB02004938,D-Class ILB Anna Stock,Weston-Super-Mare ILB D (Knightstone),51.352089,-2.988006,Weston-Super-Mare ILB D (Knightstone),51.352089,-2.988006, ,D-696,235102987,D-Class,IB1 variant,IB1,MK2IB1,08/05/2008
OB02016845,B-Class A85 My Lady Anne,Portishead ILB B,51.493793,-2.756786,Portishead ILB B,51.49379317,-2.756786263, ,B-884,235109764,B-Class,Atlantic 85,Atlantic85,MK2SIMSAtlantic85, 
OB02006406,B-Class A85 Maureen Lilian,Penarth ILB B,51.43253,-3.16901,Penarth ILB B,51.43252982,-3.16901, ,B-839,235100648,B-Class,Atlantic 85,Atlantic85,MK1Atlantic85,23/02/2010
OB02004934,D-Class ILB Connie Dains,Penarth ILB D,51.43253,-3.16901,Penarth ILB D,51.43252982,-3.16901, ,D-692,235102935,D-Class,IB1 variant,IB1,MK2IB1,01/01/2008
OB02002134,ON1245 Trent ALB Inner Wheel II,Barry Dock ALB,51.393299,-3.261923,Barry Dock ALB,51.39329906,-3.261922656,ON1245,14-29,232004396,Trent,Afloat Boat,AfloatBoat,MK1Trent,01/06/1999
OB02005006,B-Class A85 Rose of The Shires,Porthcawl ILB B,51.474169,-3.702059,Porthcawl ILB B,51.47416911,-3.702059059, ,B-832,235091471,B-Class,Atlantic 85,Atlantic85,MK1Atlantic85,18/05/2009
OB02006058,D-Class ILB Jean Ryall,Porthcawl ILB D,51.474169,-3.702059,Porthcawl ILB D,51.47416911,-3.702059059, ,D-714,235076273,D-Class,IB1 variant,IB1,MK2IB1,01/03/2010
OB02007411,D-Class ILB Yeoman of The Guard,Port Talbot ILB D,51.593538,-3.816837, , , , ,D-750,235096969,D-Class,IB1 variant,IB1,MK2IB1,01/12/2011
OB02005611,ON1307 Tamar ALB Roy Barker IV,The Mumbles ALB,51.569855,-3.974175,The Mumbles ALB,51.56985474,-3.974174976,ON1307,16-27,235069218,Tamar,Slipway Boat,SlipwayBoat,MK1Tamar,21/07/2013
OB02012705,D-Class ILB Mark Lott,The Mumbles ILB D,51.569855,-3.974175,The Mumbles ILB D,51.56985474,-3.974174976, ,D-761,235100703,D-Class,IB1 variant,IB1,MK2IB1,16/09/2013
OB02004808,D-Class ILB Albert Wordley,Horton & Port Eynon ILB D,51.5483,-4.2011,Horton & Port Eynon ILB D,51.5483,-4.2011, ,D-688,235096944,D-Class,IB1 variant,IB1,MK2IB1,01/01/2008
OB02002960,B-Class A75 Leicester Challenge II,Burry Port ILB B,51.679713,-4.248449,Burry Port ILB B,51.67971328,-4.24844944, ,B-777, ,B-Class,Atlantic 75,Atlantic75,MK1Atlantic75,01/11/2001
OB02007410,D-Class ILB Diane Hilary,Burry Port ILB D,51.679713,-4.248449,Burry Port ILB D,51.67971328,-4.24844944, ,D-749,235096968,D-Class,IB1 variant,IB1,MK2IB1,01/11/2011
OB02003696,ON1281 Tamar ALB Haydn Miller,Tenby ALB,51.673089,-4.693729,Tenby ALB,51.67308925,-4.693728541,ON1281,16-Feb,235014279,Tamar,Slipway Boat,SlipwayBoat,MK1Tamar,31/01/2006
OB02006350,D-Class ILB Georgina Taylor,Tenby ILB D,51.673089,-4.693729,Tenby ILB D,51.67308925,-4.693728541, ,D-727,235102928,D-Class,IB1 variant,IB1,MK2IB1,02/12/2009
OB02004826,ON1291 Tamar ALB Mark Mason,Angle ALB,51.689476,-5.079038,Angle ALB,51.68947635,-5.079037931,ON1291,16-Nov,235050567,Tamar,Slipway Boat,SlipwayBoat,MK1Tamar,06/01/2009
OB02016456,D-Class ILB Super G II,Angle ILB D,51.689476,-5.079038,Angle ILB D,51.68947635,-5.079037931, ,D-776,235107683,D-Class,IB1 variant,IB1,MK2IB1,10/12/2014
OB02014019,D-Class ILB Jack and Edith May,Little & Broad Haven ILB D,51.773168,-5.107117,Little & Broad Haven ILB D,51.77316844,-5.107116533, ,D-766,235102819,D-Class,IB1 variant,IB1,MK2IB1,01/03/2014
OB02005610,ON1306 Tamar ALB Norah Wortley,St Davids ALB,51.878559,-5.309105,St Davids ALB,51.87855877,-5.309104876,ON1306,16-26,235069182,Tamar,Slipway Boat,SlipwayBoat,MK1Tamar,20/02/2013
OB02005115,D-Class ILB Myrtle and Trevor Gurr,St Davids ILB D,51.878559,-5.309105,St Davids ILB D,51.87855877,-5.309104876, ,D-704,235108921,D-Class,IB1 variant,IB1,MK2IB1,01/10/2008
OB02002156,ON1198 Trent ALB Blue Peter VII,Fishguard ALB,52.0133,-4.9842,Fishguard ALB,52.0133,-4.9842,ON1198,14-Mar,232001860,Trent,Afloat Boat,AfloatBoat,MK1Trent,30/06/1994
OB02016861,D-Class ILB Edward Arthur Richardson,Fishguard ILB D,52.0133,-4.9842,Fishguard ILB D,52.0133,-4.9842, ,D-789,235108995,D-Class,IB1 variant,IB1,MK2IB1, 
OB02012495,B-Class A85 John and Louisa Fisher,Cardigan ILB B,52.1047,-4.6995, , , , ,B-870,235098757,B-Class,Atlantic 85,Atlantic85,MK1Atlantic85,05/07/2013
OB02005120,D-Class ILB Elsie Ida Meade,Cardigan ILB D,52.1047,-4.6995,Cardigan ILB D,52.1047,-4.6995, ,D-709,235096953,D-Class,IB1 variant,IB1,MK2IB1,01/12/2008
OB02002140,ON1172 Mersey ALB Frank and Lena Clifford of Stourbridge,New Quay (Ceredigion) ALB,52.213498,-4.35759,New Quay (Ceredigion) ALB,52.21349806,-4.357590377,ON1172,Dec-15,232002726,Mersey,Carriage Boat,CarriageBoat,MK1FRCMersey,01/01/1991
OB02010344,D-Class ILB Audrey LJ,New Quay (Ceredigion) ILB D,52.213498,-4.35759,New Quay (Ceredigion) ILB D,52.21349806,-4.357590377, ,D-754,235096974,D-Class,IB1 variant,IB1,MK2IB1,10/09/2012
OB02012343,A-Class IRB No Name,Aberystwyth ILB A,52.408783,-4.088923,Aberystwyth ILB A,52.4087825,-4.08892346, ,A-78, ,A-Class,Arancia United Kingdom built,AranciaUK,MK2Lifeboat,01/12/2012
OB02004765,B-Class A85 Spirit of Friendship,Aberystwyth ILB B,52.408783,-4.088923,Aberystwyth ILB B,52.4087825,-4.08892346, ,B-822,235102918,B-Class,Atlantic 85,Atlantic85,MK1Atlantic85,01/10/2007
OB02012578,D-Class ILB Geoffrey Scott,Borth ILB D,52.481262,-4.051377,Borth ILB D,52.48126205,-4.051377136, ,D-760,235100204,D-Class,IB1 variant,IB1,MK2IB1,05/07/2013
OB02018849,B-Class A85 Hugh Miles,Aberdovey ILB B,52.543236,-4.045663,Aberdovey ILB B,52.54323556,-4.045663388, ,B-896, ,B-Class,Atlantic 85,Atlantic85,MK2SIMSAtlantic85,01/01/2016
OB02002175,ON1185 Mersey ALB Moira Barrie,Barmouth ALB,52.7209,-4.0558,Barmouth ALB,52.7209,-4.0558,ON1185,Dec-26,232002645,Mersey,Carriage Boat,CarriageBoat,MK1FRCMersey,30/06/1992
OB02004471,D-Class ILB Rotarian Clive Tanner,Barmouth ILB D,52.7209,-4.0558,Barmouth ILB D,52.7209,-4.0558, ,D-678,235096938,D-Class,IB1 variant,IB1,MK2IB1,06/06/2007
OB02004774,B-Class A85 Doris Joan,Criccieth ILB B,52.918002,-4.230414,Criccieth ILB B,52.91800196,-4.230413713, ,B-823,235096757,B-Class,Atlantic 85,Atlantic85,MK1Atlantic85,18/10/2007
OB02002061,ON1168 Mersey ALB Lilly and Vincent Anthony,Pwllheli ALB,52.8828,-4.4022,Pwllheli ALB,52.8828,-4.4022,ON1168,12-010,232003205,Mersey,Carriage Boat,CarriageBoat,MK1ALALMersey,01/01/1990
OB02004469,D-Class ILB Leslie and Peter Downes,Pwllheli ILB D,52.8828,-4.4022,Pwllheli ILB D,52.8828,-4.4022, ,D-676,235096936,D-Class,IB1 variant,IB1,MK2IB1,01/07/2007
OB02016847,B-Class A85 Peter and Ann Setten,Abersoch ILB B,52.826469,-4.504438,Abersoch ILB B,52.82646872,-4.504437663, ,B-886, ,B-Class,Atlantic 85,Atlantic85,MK2SIMSAtlantic85, 
OB02003080,D-Class BB Hounslow,Porthdinllaen ALB,52.946957,-4.564596,Porthdinllaen Lifeboat Station,52.94695697,-4.564596433, ,BB-575, ,D-Class,EA16 variant,EA16,MK1BBEA16,01/01/2002
OB02005608,ON1304 Tamar ALB John D Spicer,Porthdinllaen ALB,52.946957,-4.564596,Porthdinllaen ALB,52.94695697,-4.564596433,ON1304,16-24,235069216,Tamar,Slipway Boat,SlipwayBoat,MK1Tamar,15/07/2012
OB02006411,B-Class A85 Hereford Endeavour,Trearddur Bay ILB B,53.280685,-4.619961,Trearddur Bay ILB B,53.28068531,-4.619960873, ,B-847,235109733,B-Class,Atlantic 85,Atlantic85,MK2SIMSAtlantic85,10/11/2010
OB02006579,D-Class ILB Constance Green,Trearddur Bay ILB D,53.280685,-4.619961, , , , ,D-730, ,D-Class,IB1 variant,IB1,MK2IB1,01/03/2010
OB02010343,D-Class ILB Clive and Imelda Rawlins,Trearddur Bay ILB D,53.280685,-4.619961,Trearddur Bay ILB D,53.28068531,-4.619960873, ,D-753,235096973,D-Class,IB1 variant,IB1,MK2IB1,27/07/2012
OB02002974,ON1272 Severn ALB Christopher Pearce,Holyhead ALB,53.317999,-4.641813,Holyhead ALB,53.317999,-4.641812593,ON1272,17-41,235007796,Severn,Afloat Boat,AfloatBoat,MK1CATSevern,31/12/2003
OB02002736,ON1263 Severn ALB Osier,Holyhead ALB,53.317999,-4.641813, , , ,ON1263,17-34,235005119,Severn,Afloat Boat,AfloatBoat,MK1CATSevern,01/06/2002
OB02016863,D-Class ILB Mary and Archie Hooper,Holyhead ILB D,53.317999,-4.641813,Holyhead ILB D,53.317999,-4.641812593, ,D-791,235108997,D-Class,IB1 variant,IB1,MK2IB1, 
OB02004825,ON1290 Tamar ALB Edward and Barbara Prigmore,Moelfre ALB,53.354649,-4.231977, , , ,ON1290,16-Oct,235050566,Tamar,Afloat Boat,AfloatBoat,MK1Tamar,04/08/2008
OB02004809,D-Class ILB Enfys,Moelfre ILB D,53.354649,-4.231977,Moelfre ILB D,53.35464885,-4.231977207, ,D-689,235102931,D-Class,IB1 variant,IB1,MK2IB1,02/01/2008
OB02006322,B-Class A85 Annette Mary Liddington,Beaumaris ILB B,53.2622,-4.0908,Beaumaris ILB B,53.2622,-4.0908, ,B-838,235102922,B-Class,Atlantic 85,Atlantic85,MK1Atlantic85,05/01/2010
OB02013977,D-Class ILB The May-Bob,Conwy ILB D,53.280798,-3.826256,Conwy ILB D,53.28079837,-3.82625568, ,D-765,235102818,D-Class,IB1 variant,IB1,MK2IB1,06/02/2014
OB02002062,ON1164 Mersey ALB Andy Pearce,Llandudno ALB,53.322,-3.834,Llandudno ALB,53.322,-3.834,ON1164,12-006,232003203,Mersey,Carriage Boat,CarriageBoat,MK1ALALMersey,01/06/1990
OB02023337,D-Class ILB Dr Barbara Saunderson,Llandudno ILB D,53.322,-3.834,Llandudno ILB D,53.322,-3.834, ,D-793, ,D-Class,IB1 variant,IB1,MK2IB1,06/04/2016
OB02002176,ON1183 Mersey ALB Lil Cunningham,Rhyl ALB,53.3251,-3.489,Rhyl ALB,53.3251,-3.489,ON1183,Dec-24,232002741,Mersey,Carriage Boat,CarriageBoat,MK1FRCMersey,30/06/1992
OB02016003,D-Class ILB Mary Maxwell,Rhyl ILB D,53.3251,-3.489,Rhyl ILB D,53.3251,-3.489, ,D-770,235103262,D-Class,IB1 variant,IB1,MK2IB1,11/08/2014
OB02023339,D-Class ILB Lady Barbara,Flint ILB D,53.250506,-3.128462,Flint ILB D,53.25050576,-3.128462285, ,D-795, ,D-Class,IB1 variant,IB1,MK2IB1,05/09/2016
OB02002147,ON1190 Mersey ALB Doris Bleasdale,Clogher Head ALB,53.788408,-6.235385,Clogher Head ALB,53.78840795,-6.235384515,ON1190,Dec-31,232003207,Mersey,Carriage Boat,CarriageBoat,MK1FRCMersey,30/06/1992
OB02005004,B-Class A85 Douglas Murray,Skerries ILB B,53.585827,-6.105646, , , , ,B-830,235101863,B-Class,Atlantic 85,Atlantic85,MK1Atlantic85,01/02/2009
OB02002731,ON1258 Trent ALB Roy Barker III,Howth ALB,53.389622,-6.068255,Howth ALB,53.38962245,-6.068254952,ON1258,14-33,235003642,Trent,Afloat Boat,AfloatBoat,MK1Trent,30/06/2002
OB02023340,D-Class ILB Aideen Cresswell,Howth ILB D,53.389622,-6.068255,Howth ILB D,53.38962245,-6.068254952, ,D-796, ,D-Class,IB1 variant,IB1,MK2IB1,12/07/2016
OB02002137,ON1200 Trent ALB Anna Livia,Dun Laoghaire ALB,53.293086,-6.129896,Dun Laoghaire ALB,53.2930856,-6.12989569,ON1200,14-May,232001880,Trent,Afloat Boat,AfloatBoat,MK1Trent,30/06/1995
OB02004849,D-Class ILB David Young,Dun Laoghaire ILB D,53.293086,-6.129896, , , , ,D-690, ,D-Class,IB1 variant,IB1,MK2IB1,01/01/2008
OB02002148,ON1153 Tyne ALB Annie Blaker,Wicklow ALB,52.981601,-6.032684,Wicklow ALB,52.981601,-6.032684,ON1153,47-035,232003199,Tyne,Slipway Boat,SlipwayBoat,MK1Tyne,01/01/1989
OB02027095,D-Class ILB Dennis-Audrey,Wicklow ILB D,52.981601,-6.032684, , , , ,D-806, ,D-Class,IB1 variant,IB1,MK2IB1,27/02/2017
OB02002153,ON1223 Trent ALB Ger Tigchelaar,Arklow ALB,52.791971,-6.145103,Arklow ALB,52.79197123,-6.145102808,ON1223,14-19,232002182,Trent,Afloat Boat,AfloatBoat,MK1Trent,30/06/1996
OB02005122,D-Class ILB Cairde An Chuain,Courtown ILB D,52.643506,-6.225913,Courtown ILB D,52.64350635,-6.225913278, ,D-711,235096955,D-Class,IB1 variant,IB1,MK2IB1,23/08/2009
OB02016854,D-Class ILB Alfred William Newman,Wexford ILB D,52.341891,-6.461635,Wexford ILB D,52.34189115,-6.461634871, ,D-782,235108827,D-Class,IB1 variant,IB1,MK2IB1,01/06/2015
OB02003222,ON1278 Severn ALB The Duke of Kent,Rosslare Harbour ALB,52.253976,-6.335815, , , ,ON1278,17-45, ,Severn,Afloat Boat,AfloatBoat,MK1CATSevern,14/02/2005
OB02004857,ON1298 Tamar ALB Kilarney,Kilmore Quay ALB,52.173354,-6.589877,Kilmore Quay ALB,52.17335433,-6.589876553,ON1298,16-18,235050725,Tamar,Afloat Boat,AfloatBoat,MK1Tamar,23/06/2010
OB02004780,D-Class ILB Tradewinds,Fethard ILB D,52.187758,-6.838203,Fethard ILB D,52.18775839,-6.838203446, ,D-683,235096941,D-Class,IB1 variant,IB1,MK2IB1,01/10/2007
OB02002109,ON1215 Trent ALB Elizabeth and Ronald,Dunmore East ALB,52.147077,-6.992518,Dunmore East ALB,52.14707729,-6.992517914,ON1215,14-17,232002410,Trent,Afloat Boat,AfloatBoat,MK1Trent,30/06/1996
OB02002157,ON1228 Trent ALB Dora Foster McDougall,Dunmore East ALB,52.147077,-6.992518, , , ,ON1228,14-24,232002585,Trent,Afloat Boat,AfloatBoat,MK1Trent,01/06/1997
OB02016853,D-Class ILB Isabella Purchase,Tramore ILB D,52.154096,-7.160562,Tramore ILB D,52.15409636,-7.160562048, ,D-781,235108828,D-Class,IB1 variant,IB1,MK2IB1, 
OB02012709,B-Class A85 Robert Armstrong,Helvick Head ILB B,52.0538,-7.5398,Helvick Head ILB B,52.0538,-7.5398, ,B-874,235102923,B-Class,Atlantic 85,Atlantic85,MK1Atlantic85,18/02/2014
OB02016865,B-Class A85 Gordon and Phil,Youghal ILB B,51.951457,-7.844188, , , , ,B-890, ,B-Class,Atlantic 85,Atlantic85,MK2SIMSAtlantic85,12/04/2016
OB02002220,ON1233 Trent ALB Austin Lidbury,Ballycotton ALB,51.826984,-8.001682,Ballycotton ALB,51.82698428,-8.001682133,ON1233,14-25,232003131,Trent,Afloat Boat,AfloatBoat,MK1Trent,30/06/1997
OB02018845,B-Class A85 John and Janet,Crosshaven ILB B,51.804435,-8.29791,Crosshaven ILB B,51.8044355,-8.297909751, ,B-892, ,B-Class,Atlantic 85,Atlantic85,MK2SIMSAtlantic85,01/01/2016
OB02003313,B-Class A75 Miss Sally Anne (Baggy),Kinsale ILB B,51.7001,-8.518,Kinsale ILB B,51.7001,-8.518, ,B-796, ,B-Class,Atlantic 75,Atlantic75,MK1Atlantic75,13/11/2006
OB02002198,ON1205 Trent ALB Frederick Storey Cockburn,Courtmacsherry Harbour ALB,51.634941,-8.709276,Courtmacsherry Harbour ALB,51.63494148,-8.709275754,ON1205,14-Jul,232001960,Trent,Afloat Boat,AfloatBoat,MK1Trent,30/06/1995
OB02003150,B-Class A75 Margaret Bench of Solihull,Union Hall ILB B,51.558712,-9.133953, , , , ,B-790, ,B-Class,Atlantic 75,Atlantic75,MK1Atlantic75,08/09/2004
OB02005606,ON1302 Tamar ALB Alan Massey,Baltimore ALB,51.487761,-9.372083,Baltimore ALB,51.48776083,-9.372083242,ON1302,16-22,235069214,Tamar,Afloat Boat,AfloatBoat,MK1Tamar,13/12/2011
OB02002962,B-Class A75 Patricia Jennings,Baltimore ILB B,51.487761,-9.372083, , , , ,B-780, ,B-Class,Atlantic 75,Atlantic75,MK1Atlantic75,01/02/2002
OB02003221,ON1277 Severn ALB Annette Hutton,Castletownbere ALB,51.648978,-9.901901,Castletownbere ALB,51.64897825,-9.90190077,ON1277,17-44, ,Severn,Afloat Boat,AfloatBoat,MK2MTUSevern,31/08/2004
OB02002116,ON1218 Severn ALB John and Margaret Doig,Valentia ALB,51.926817,-10.288282,Valentia ALB,51.92681711,-10.28828172,ON1218,17-Jul,232002460,Severn,Afloat Boat,AfloatBoat,MK2MTUSevern,30/06/1996
OB02002214,ON1239 Trent ALB Robert Hywel Jones Williams,Fenit ALB,52.271712,-9.863121,Fenit ALB,52.2717121,-9.863121254,ON1239,14-27,232003137,Trent,Afloat Boat,AfloatBoat,MK1Trent,30/06/1998
OB02002963,B-Class A75 Elsinore,Lough Derg ILB B,52.925978,-8.27591, , , , ,B-781, ,B-Class,Atlantic 75,Atlantic75,MK1Atlantic75,01/02/2002
OB02006409,B-Class A85 Edith Louise Eastwick,Kilrush ILB B,52.629945,-9.50057,Kilrush ILB B,52.62994492,-9.500569927, ,B-844,235109124,B-Class,Atlantic 85,Atlantic85,MK2SIMSAtlantic85,18/08/2010
OB02002107,ON1217 Severn ALB David Kirkaldy,Aran Islands ALB,53.12308,-9.66794,Aran Islands ALB,53.12307994,-9.667940151,ON1217,17-Jun,232002450,Severn,Afloat Boat,AfloatBoat,MK2MTUSevern,30/06/1996
OB02007402,B-Class A85 Binny,Galway ILB B,53.26916,-9.04687,Galway ILB B,53.26916047,-9.046869817, ,B-853,235088863,B-Class,Atlantic 85,Atlantic85,MK2SIMSAtlantic85,04/10/2011
OB02002791,B-Class A75 The Eric Rowse,Lough Ree ILB B,53.464033,-7.928379, , , , ,B-772, ,B-Class,Atlantic 75,Atlantic75,MK1Atlantic75,01/03/2001
OB02002138,ON1192 Mersey ALB Fisherman's Friend,Clifden ALB,53.485853,-10.029778, , , ,ON1192,Dec-33,232002576,Mersey,Afloat Boat,AfloatBoat,MK1FRCMersey,01/06/1993
OB02012494,B-Class A85 Joyce King,Clifden ILB B,53.485853,-10.029778,Clifden ILB B,53.48585328,-10.02977766, ,B-869,235098756,B-Class,Atlantic 85,Atlantic85,MK1Atlantic85,01/05/2013
OB02004472,D-Class ILB Grinne Uaile,Clifden ILB D,53.485853,-10.029778,Clifden ILB D,53.48585328,-10.02977766, ,D-679,235096939,D-Class,IB1 variant,IB1,MK2IB1,01/07/2007
OB02002141,D-Class PUB Peterborough Beer Festival I,Achill Island ALB,53.882786,-9.944697, , , , ,D-523, ,D-Class,EA16 variant,EA16,MK1BBEA16,01/06/1997
OB02002121,ON1240 Trent ALB Sam and Ada Moody,Achill Island ALB,53.882786,-9.944697,Achill Island ALB,53.882786,-9.944697,ON1240,14-28,232003138,Trent,Afloat Boat,AfloatBoat,MK1Trent,30/06/1998
OB02002202,ON1235 Severn ALB  Bryan and Gordon,Ballyglass ALB,54.253746,-9.893222,Ballyglass ALB,54.253746,-9.893222,ON1235,17-15,232003133,Severn,Afloat Boat,AfloatBoat,MK2MTUSevern,30/06/1997
OB02004807,D-Class ILB The Western,Ballyglass ILB D,54.253746,-9.893222,Ballyglass ILB D,54.253746,-9.893222, ,D-687,235096943,D-Class,IB1 variant,IB1,MK2IB1,29/11/2007
OB02016849,B-Class A85 Sheila and Dennis Tongue,Sligo Bay ILB B,54.305059,-8.567927,Sligo Bay ILB B,54.30505867,-8.567927267, ,B-888, ,B-Class,Atlantic 85,Atlantic85,MK2SIMSAtlantic85, 
OB02006049,B-Class A85 William Henry Liddington,Bundoran ILB B,54.477009,-8.289091,Bundoran ILB B,54.4770087,-8.289091254, ,B-834,235101864,B-Class,Atlantic 85,Atlantic85,MK1Atlantic85,01/07/2009
OB02002144,ON1244 Severn ALB Myrtle Maud,Arranmore ALB,54.99713,-8.498311,Arranmore ALB,54.99713005,-8.498311416,ON1244,17-22,232003142,Severn,Afloat Boat,AfloatBoat,MK2MTUSevern,30/06/1999
OB02026483,ON1315 Shannon ALB Derek Bullivant,Lough Swilly ALB,55.140876,-7.473457,Lough Swilly ALB,55.14087581,-7.47345683,ON1315,13-Aug,235106575,Shannon,Afloat Boat,AfloatBoat,MK1Shannon,01/01/2016
OB02004612,B-Class A85 Minnie and Ernest George Barry,Lough Swilly ILB B,55.140876,-7.473457,Lough Swilly ILB B,55.14087581,-7.47345683, ,B-819,235089703,B-Class,Atlantic 85,Atlantic85,MK1Atlantic85,25/07/2007
OB02024939,D-Class ILB Gladys Maud Burton,Poole ILB D,50.712714,-1.991972, , , , ,D-804, ,D-Class,IB1 variant,IB1,MK2IB1,19/01/2017
